name;address;phone;email
 ЮГТРАНССЕРВИС;г. Ростов-на-Дону, ул. Суворова д.  25, оф. 325;88633008356;mixa_fx@bk.ru
Ds construction;metalo 2, Vilnius/ Lithuania;370669296805;Viktorija.m@dscon.lt
 CибТрансМиг;г.Барнаул пр-т Красноармейский;79235600155;sibtransmig@mail.ru
ОПАСНЫЙ ГРУЗ;111141 г. МОСКВА, 2-Й ПРОЕЗД ПЕРОВА ПОЛЯ, Д.9;74995799149;info@opasnuigruz.ru
ТехсТройТранс;111141 г. МОСКВА, 2-Й ПРОЕЗД ПЕРОВА ПОЛЯ, Д.9;79872954105;info@tehstroytrans.ru
Лигруз;620057, Россия, г. Екатеринбург, Авиационная 48;73432066610;zakaz@ligruz.ru
;195112, Малоохтинский пр., д. 36;8 (812) 640-00-01;manager@globalpost.ru
ABC-Logostic;г. Москва, ул. Летниковская, д. 10, стр. 1;74956401173;info@abc-logistic.ru
ACT-SERVICE;Волгоградский пр-т, 42, к. 42А;74992716670;info@act-service.ru
Agava Group;г. Санкт-Петербург, шоссе Революции 84;78124481587;info@agava-cl.ru
ANDERWEG;Фрих., Кёльн;4922170096073;anderweg@ya.ru
Antanta Logistic Ltd;8-я улица Текстильщиков, 16, строение 4;+7(495) 721-89-82, (926) 245-76-86;info@antanta-L.ru
ATC C&L;Пришвина,8/2;88005002473;mow@atc-logistic.com
ATE Xpress;PK, г.Астана, пр. Сарыарка, 31/2;;info@ate.kz
Atlantic Cargo Service;ул. Новозаводская, д. 18, корпус 1;+7(495) 780-35-22 ;info@atlanticcargo.com
ATLAS logistic center;Lubanas 76, Riga, Latvia;37167146231;atlas@warehouse.lv
Aurora Forwarding ltd.;г.Москва ул.Профсоюзная, 69;74995798894;olga.ustimenko@aurora-forward.com
Autoerosale;Vienibas gatve 168;37129690552;logistic@autoerosale.com
Autokompas;г.Москва, Вешних вод,2;78612409811;2409575@mail.ru
Avecton;г.Москва, Пресненская наб., д. 10;74952022884;info@avecton.ru
Aврора( транспортная компания);Приорова 4 офис 216;78182696977;tkavrora29@mail.ru
 CибТрансМиг;г.Барнаул пр-т Красноармейский;79235600155;sibtransmig@mail.ru
 Автопилот;Москва, Люблинская д.8;79854120041;89854120041@mail.ru
 Гарант Транс;г.Москва, Сокольническая пл., д.4, пом.3;79653929600;garant-trans@lenta.ru
 Движение;Москва Энтузиастов ш. д.56. стр 25;84955671312;shuvalova@dwi.su
 ЮГТРАНССЕРВИС;г. Ростов-на-Дону, ул. Суворова д.  25, оф. 325;88633008356;mixa_fx@bk.ru
Best Logistics Group;Варшавское шоссе, 125;+7(495) 665-15-05;info@blgroup.ru
Boma-services;Москва, ул.Шаболовка д. 34, стр.3;79263778453;boma.services2012@gmail.com
BORUSAN LOJISTIK;г Алматы ул Фурманова 174 Б 3 этаж;+7 727 261 51 22;vdzyba@borusan.com
Boxberry;;;
Bullet trans;город Алматы улица Северное кольцо 7 офис 7;+77272450641;Bullet.Trans@mail.ru
BusinessTransit;Благовещенск, Театральная 111 - 506;+7499263667;businesstransit@gmail.com
"""Автологистик""";С-Петербург ул.Лужская 14/1;79681865515;autologistic@list.ru
"""Континент МСК""";Россия, г. Москва, ул. Салтыковская, д.23;(499) 342-94-25;mdeviatkin@yandex.ru
Cargo 360;г. Новосибирск, ул. Красный проспект, 14.;79130083636;info@cargo-360.ru
CargoService;Москва ул.Гиляровского 33;74955186889;ruscargoservice@gmail.com
Centr Logistic-servise;г. Моска, ул. Электродная, д 11;74956644572;6644572@gmail.com
China Market Company;660075 г.Красноярск, ул.Маерчака,3;73912958287;ved@chinamarketco.ru
China Premium Logistics;Beijing, China 100022 6A Jiangguomenwai Avenue, Chaoyang District 9C Tower D, Central International Trade Center;74992724379;cplcl@yandex.ru
CLARUSLogistic;метро Московские ворота;79643267827;skripnik.mikhail@hotmail.com
Com-stil;;;info@com-stil.com
1-ая Автотранспортная ЮТС;Доватора 11 оф.4;79381144827;2364765@mail.ru
100 ton -ТIМ ЕНД IТ;Киев 03179, Чернобыльская, 22;380442280370;oversize@timandit.com
100 АВТО;г.Екатеринбург, пер. Проходной, 1, офис 17;73433176872;tk-100avto@yandex.ru
100 дорог;Город Ногинск улица Новоногинская д 15 офис 14;74996382299;tk1000dorog@gmail.com
1000 Дорог;Московская область, Ногинск, ул. Ново-Ногинская, д.15, оф.14;+7(495)517 12 69;tk1000dorog@gmail.com
DayTrans;Москва, ул. Речная, д.5, офис 16;792539930971;daytrans@yandex.ru
Delko;-;;mail@del-ko.ru
Ds construction;metalo 2, Vilnius/ Lithuania;370669296805;Viktorija.m@dscon.lt
7 Континент;427974,Удмуртия, г.Сарапул, р-н., территория МО ``Шевыряловское`` Массив ``РахСат``, участок №2;79512116353;9123403@bk.ru
East Lines;м. Савеловская, ул. Складочная, д. 1, стр. 18 ;;info@eastlines.ru
Ektotrans;Калининград;790005686195;ektotrans@mail.ru
Eurasian Express Logistics;г. Алматы, ул. Тимирязева, 18А;77273309001;Info@eurasianexpress.kz
Expert-Logistics;123557, г. Москва, пер. Б. Тишинский, дом 43;79161234888;info@expert-logistics.ru
А-Сервис;Новосибирск, Фрунзе, 242, 514 офис, 5 этаж, ДЦ Новая высота;73832048804;info@as-sib.com
А-Сервис, транспортно-логистическая компания;г. Новосибирск, 630112, ул.Фрунзе, д. 242, офис 514;73833198804;info@as-sib.com
Абарис;Юрия Гагарина 50;74012507511;abaris39@yandex.ru
Абарис-транспортная служба в Барнауле.;Юрина 257;+7-903-947-75-33;abaris22@yandex.ru
АбслютАвто;г.Оренбург ул.Томилинская 237;7961796192944;294441@bk.ru
АБХ Терминал;Uriekstes 4. Lv 1005;79163652041;vitaly.mishkov@abx.lv
Авананта;дзержинский, академика жукова 7а;74959336959;msk@avananta.ru
Авант Логистик;Оптиков 4;78123350060;admin@avant-logistic.ru
Авиастар Петербург;Санкт-Петербург, Московское ш.25;+78127770658;cargo@aviastar-spb.ru
Авиор Логистикс ;Украина, г. Киев, ул. Красноткацкая, 27А;380674047345;contact@aviorlogistics.com
Авис-Логистик;ул. Сокольнический вал, дом 1д, строение 1;+7-916-995-25-25;avis4@bk.ru
Аврора;117405, г. Москва, ул. Кирпичные Выемки, д. 2, корп.1;74951070607;info@tk-aurora.ru
АВС-Автотранс;620039, г. Екатеринбург, ул. Лукиных, д. 5, оф. 401;73433366758;avtotrans@avsgroup.ru
АВТ-Транслогистик;Шоссе Энтузиастов, д. 5;74959724869;4ernomor777@mail.ru
АвтоБизнесТранспорт;Санкт-Петербург, ул. Чапыгина, д. 6;79500408289;info.abtrans@gmail.com
Автогейт;Санкт-Петербург, пр.Народного Ополчения д.10;78124588695;auto-gate@inbox.ru
АвтоЛайм;630009, г. Новосибирск, ул. Никитина, д. 20, офис 309;73832141250;info@autolime.org
АвтоЛогистСибирь;г.Новосибирск;79139344434;alina@avtologsib.ru
Автолюкс;03062, г. Киев,  ул. Чистяковская, 30;+38 044 536 00 55, +38 044 536 00 53;info@autolux.ua
Автопрофи;ул. Есенина, д.5, оф.6;74912992502;avtoprofi200@yandex.ru
Автослон;г. Москва, ул.Промышленная, д. 11, стр.8, оф. 25;74952317361;avto-slon@bk.ru
АвтоСпецТранс;г. Санкт-Петербург, ул. Зайцева, д. 41;78126768683;info@avtospec-trans.ru
"Автотранспортная компания ""АВС-Автотранс""";620039, г. Екатеринбург, ул. Лукиных, д. 5, оф. 401;73433366758;avtotrans@avsgroup.ru
АвтоТрансСервис;г. Астрахань;89275822273;svetlay13@mail.ru
Агентство Грузовых Перевозок;620010, г.Екатеринбург, ул.Грибоедова, 32/20, оф. 909А;73432222266;perevozki_ekb@mail.ru
Агентство перевозок;Фабричная 55;83832143149;agts@rambler.ru
АДФ;ул. Профсоюзная, д.57;79263831866;adflogist@yandex.ru
АЗИЯ ЛОГИСТИКС;"17 км. МКАД,г. Дзержинский , Денисьевский проезд дом 15, территория ""ИнтерСкладСервис"", склад №2";74996579889;sales.mow@asialgs.com
АКВАМАРИН ТРАНС;198095 г. Санкт-Петербург, ул. Маршала Говорова  49, литер А, офис  514;78126771125;sales@aquamarine-trans.com
Аквилон;141315, г. Москва, ул.Люблинская, 126;74954112540;a-autorent@ya.ru
Аккуратный переезд;Санкт-Петербург, Гражданский пр-т, д.18, лит.А, пом.5Н;(812) 927-39-16  (812) 921-22-61;akkuratpereezd@yandex.ru
Аликон Карго;420036, г. Казань, ул. Леваневского д. 2А, оф.306;78432039569;alikonkargo@mail.ru
Алсена;;;info@alsena.ru
Алсена Л;Москва, Гостиничная д,5;74952210122;info@alsena.ru
Альбатрос Транспорт;Москва, ул. Б. Серпуховская, 44;+74957241890;info@albatros-transport.com
Альтернатива ТК;Балашиха, Советская 27;74997097364;info@tk-a.ru
Альфа КредоТранс;Волгоградский проспект д 46Б к.1 оф 218;74992716670;lkm@actrans.ru
Альфа Транс;ул. Нижняя Сыромятническая, д. 5/7, стр. 4, оф. 112;+7(495) 649-32-81, 649-32-80;office@oao-alfatrans.ru
Альфа-регион;Владивосток, Фокина 29;79020751360;alpharegion@mail.ru
Альфа-Транс;ул.Труда,84, офис 404;79085706690;razitdinovaef@alfatrans-gr.ru
Альянс ТК;г. Москва, ул. Каланчевская, д. 15А, офис 31.;"(495) 777-23-82; 777-23-71";info@atk-tk.ru
Альянс-ЭКО;г.Кемерово ул. Базовая 1А;73842671679;alyans.eko@mail.ru
АльянсТрансКарго;Омск, Барабинская 18;73812386029;a_logistics@bk.ru
АмурАльбатрос;г.БЛАГОВЕЩЕНСК АМУРСКАЯ ОБЛАСТЬ;79248416277;amuralbatros@yandex.ru
Анвей ;Казань, ул. Повстанческая, 5;78432512714;mail@anvay.ru
Антарес;344002 г. Ростов-на-Дону, ул. Темерницкая 41б, офис 38;78632203749;antarestc@yandex.ru
АП Восток;620010, Российская Федерация, г.Екатеринбург, ул. Грибоедова, 32/20, офис 813;73432222266;atekb@mail.ru
Аран Карго Сервис;Москва, ул.Солнечная, д.6;74952589215;cargo@arancom.ru
Арден;г. Казань, ул. Родины, д. 24, оф. 4;+7(906) 110-63-03;89872337734@mail.ru
Ардис-Форвардинг ООО;Владивосток, ул. Стрельникова, 3б;84232497027;forward@ardis-co.ru
Арелайн;г. Ярославль, ул. Богдановича, 6а, офис 416;+79806599878;areline@inbox.ru
Аривер;г. Красноярск, ул. Шахтеров 33К, стр 5;73912412261;office@ariver.su
Аривист;Краснодарский край, г. Новороссийск, ул. Леднёва 6;79528143375;Povetkina.Yana@arivist.com
АртЛайнЛогистика;420133, Республика Татарстан, ул. Гаврилова, д. 1, оф. 307 ;+7(843) 523-17-17;artlinelogistica@yandex.ru
АРТМАРИН ГРУПП;191144 Санкт-Петербург, ул. Моисеенко д.8 помещение 1-Н;78127102536;info@a-rt-marine.com
АСД-экспресс;ул.Бабушкина, д.21;78123368736;nw@acdexpress.ru
АСП-Транс;г.Саратов, ул. Братская 43, офис 12а;8 443 56737654;asp-trans@zvi.ru
Астория-НН;Ореховская 80 кор 2;78314154856;astoriy-nn@yandex.ru
АТ-Логистик Калининград;Московский проспект, д. 187, 2 этаж, офис 7.;+7(4012) 34-26-34;at-logistik39@rambler.ru
АТК;Москва,3-й Красносельский пер. д.21,стр.1;84956401996;info@atk-tk.ru
АТК Антариус;420127, г.Казань, ул.Дементьева 2 Б;78007000831;maxdy@bk.ru
Атлант-НТ;Свердловская область, г. Нижний Тагил;79001987826;1@atlant-nt.ru
АтлантрансАльянс;Москва, улица Бутлерова, д. 17;74957900840;office@tk-ata.ru
АТЛК;230030, Беларусь, г. Гродно, ул. Весенняя, 19А, пом. 15;375152480108;atlk.grodno@gmail.com
Аэросиб;Карамышевская наб.44;(495) 2341616 ;cargo@aerosib.ru
АэроТрансКарго;105064, г. Москва ул. Садовая-Черногрязская, д. 13/3, стр. 1;74957874357;info@airtranscargo.ru
Farcont;ул.Приморская, дом 16, офис 310;30487342620;info@farcont-project.com.ua
FishTrans Logistics;Республика Казахстан,,  050000г. Алматы, ул. Полежаева, 92А, офис 411;77073807867;tima.anarkulov@list.ru
Flash Asia;г. Москва, ул. Дорожная, д. 60;+7(495) 797-55-14;company@flashasia.com
Б.С.-ТРАНС Логистик;Электролитный проезд, дом 7а, 3-й этаж;+7(495) 589-39-22 (многоканальный);
Баев А.Н.;Коломна 1-й Юбилейный проезд;79265350878;saneck2008@yandex.ru
БАЛСТИЙСКАЯ СЛУЖБА ДОСТАВКИ;г. Краснодар;78612103414;sdost-kr@mail.ru
Балтийский Транспортный Альянс;192236, г.Санкт-Петербург, ул.Софийская, д.14, к.4Б, офис 228;78127088210;transport@btaspb.ru
Баренц Регион;г.Мурманск, ул.Промышленная 19, оф.201;+78152703733;info@barents-region.com
БЕЛИНТЕРТРАНС;220039, ул. Брест-Литовская, д.13 ;+10 (375 17) 225-12-19, 225-12-00, 225-73-95;irina_v@belint.by
БЕТТА;г.Пермь, ул.Янаульская, д.38. офис.1;73422030117;info.betta@mail.ru
Биг Авто;г.Москва;79261023927;osukhanov@yandex.ru
Билмарк;г. Омск, ул. Волгоградская, д. 34/3;79136321980;info@bilmarkgroup.com
Большие Машины;г. Москва, ул. Кировоградская д.9 корп 1.;+7(495) 228-04-24;info@bigmash.ru
БРЕМАС;г. Санкт-Петербург, ул. Маршала Говорова 35. к.4;78123831361;
GBS logistics;МО, Наро-Фоминский р-он, п. Селятино, ул. Промышленная д.81;74954112774;gbslogistics@hotmail.com
GEFCO;142784, Россия, Москва, поселение Московский, д. Румянцево, стр. 1;;-
General Trail;Зарайская ул., д.23;7 499) 399-32-07;info@gtrail.ru
GlobalLogistic;Коттеджная 1/1;8-960-999-16-66;m1@g-logistic.ru
Good Logistics;Спб, Розенштейна 21;78124565675;info@goodlogistics.ru
GPA Logistika;Миндауго 6, Вильнюс, Литва.;37052420747;info@gpalogistika.lt
GRÜNBERG;125371, г. Москва, Волоколамское шоссе, д. 73;74956494892;info@perevozka-negabarita.com
Вавилон Групп;Владивосток ул. Дальзаводская 2 стр. 9 оф. 218;74232208704;rosslogist@gmail.com
Валлениус Вилхелмсен Лоджистикc;Россия, г. Санкт-Петербург, ул.10-я Красноармейская, д.22, БЦ «Келлерман Центр», 1 эт.;+7-812-458-57-87;Ekaterina.Troshko@2wglobal.ru
Ван Карго Транс;105173 Москва 105 км МКАД  (Балашиха мкр Щитниково);;add1553@yandex.ru
ВАНСПЕД;г. Санкт-Петербург, Московское шоссе, 25, к.1, лит. А, БЦ Престиж, офис 400;(812) 602-04-20;info.spb@vansped.de
Варкада;г. Москва, ул. Полярная 31;84953639026;resp@varkada.ru
Ваша логистика;Г. Москва, Перовское шоссе, д.25;74959847303;info@sztkom.com
ВДНК;ул.Красноармейская 11 офис 27;74954119699;info@vdnk.ru
ВЕ Сервис;127018 Москва, ул. Сущевский вал, д. 5, стр. 2;74952121244;info@veservice.ru
ВЕЗИ;ул. Софийская 101 А;78124381242;info@wezi.ru
Везунчик;г. Санкт-Петербург, Лиговский пр-т, д. 50, корп. 14;+7(812) 336-87-07;piter@vezunchik.com
Вектор Логистик;Россия, г. Москва, проспект 60-летия Октября д. 9 оф. 11А;74952150609;veklru@mail.ru
Вента;Большой Сампсониевский пр., 30, к.2;7(812) 335-58-88;info@ventagroup.ru
Вериком;Россия, Москва, 2-й Магистральный тупик, 5а;74993980836;vericom@inbox.ru
Верона Транс;107113, Маленковская, д. 12-47;+7(495) 997-60-48;9976048@inbox.ru
ВИКСТЕЛ;Москва, 1-ый Дорожный проезд д.6;74955856872;info@vicstel.ru
ВиргоТК;ул. Ново-Садовая 164 а, офис 44;78469918185;info@virgotk.ru
ВиталТранс;г. Москва, ул. Промышленная, д. 11;74999633113;inform@vitaltrans.ru
Витта-Транс;117036 г.Москва, ул.Гримау, д.10 ;+7(495) 225-57-50, 645-66-59 ;vt@vittat.com
ВлаРус;г.Казань, ул.Чистопольская 77/2 оф 3;88435276942;info@evial-kazan.ru
ВнешТрансАвто;117403, г.Москва, ул. Никопольская, д.6, стр.7;74995193000;info@vta-m.ru
Возовоз;196240, Санкт-Петербург, улица Кубинская, дом 80, литер Б, офис 406;8 800 707 2002;sale@vozovoz.ru
Волга;г. Саратов, проспект Строителей, д. 1;78452573983;tk.volga@mail.ru
Волга Лоджистикс;410004 г. Саратов, ул. Набережная 22;78452392999;info@volga-logistics.ru
Восток.Транспорт;101000 г. Москва, ул. Мясницкая дом 12, корп.1;74993912389;info@vostok-trans.com
Восточный Импорт;ул. Суханова,3а-508;79146520369;info@eastern-import.ru
Восточный Экспресс;г. Владивосток ул. Выселковая 57;79247302019;V-express25@mail.ru
Все дороги;г. Уссурийск, ул. Агеева 28а;79147112422;vsedorogi25@mail.ru
ВэдТрансСервис;;(423) 230-10-90 (многоканальный);info@vedtransservis.com
Вэй карго сервис;Москва  ул. Библиотечная 115;+7-495-645-70-40;info@waycargo.ru
ВЭЙ-Групп Логистика;;(8 800) 100-6739;sales@wayg-log.ru
Вяттранспорт-Логистик;610035 г. Киров, ул. Производственная, 35, оф. 315;88001000045;info@freelogistic.ru
ICTA;ул. Маркалнес 11/2, Рига,  LV - 1024, Латвия;37167817197;icta@icta.lv
ITMLogistics;Ke Koulce 646/2, Praha 5, 150 00, Czech Republic;420273130600;anna.novozhenina@itmlogistics.cz
Газель Плюс;169900 РК г.Воркута, ул. Ленинградская 41-а;78215162277;info@gazel-plus.com
Газель-БИЗ;Москва, ул.Ленинская слобода, дом 19;74952460196;ipkuk@mail.ru
ГАЛС;г.Пенза, ул.Пушкина д.15;78412260473;info@galstrans.ru
ГеоЛог;Московская область, аэропорт Шереметьево, Грузовой терминал;74957782788;mi.cross@yandex.ru
ГК СибирьТранс;ОФИС: Москва, Дмитровское шоссе, дом. 100 стр. 2,;8-499-258-40-40;sborka@sibirtrans.com
ГК Система;г.Ставрополь, проспект Кулакова, 12 И;78005004252;admin@systema5.ru
Глобал Вэд;Московская область, г. Красногорск, ул. Губайлово, д. 56;79652848811;info@pallant-yar.ru
Гранд Сервис;Верхнепортовая 76 г;79140691266;grand.siervis@mail.ru
Грема Транс;141014 г. Мытищи, ул. Веры Волошиной, 19/16;74952218669;zakaz@grematrans.ru
Груз №1;город Королёв, улица Горького, дом 45, офис 150;;ats_79@inbox.ru
Груз-Извоз;Санкт-Петербург, Пулковское ш, д 30, корус 4;78124484042;olhovski@tkizvoz.ru
ГрузАвтоТакси;Ильменский проезд 1а;+7-495-411-93-57;gruss110@yandex.ru
ГрузКонтейнер;ул. Дубининская д. 63, стр. 4;+7(495) 235-06-28, 774-64-21, (926) 313-38-86;bvm@gdkont.ru
Грузконтроль;г.Санкт-Петербург, ул.Торжковская, д. 5;79626906690;gruzkontrol@inbox.ru
ГРУЗОВОЗ;628162 ХМАО - Югра Тюменская область г. Белоярский ул. Молодости 2А;73467022623;vestabel@mail.ru
Грузоперевозки Балашиха;г. Балашиха, ул. Свердлова, д 43;79261907203;balashiha50@gmail.com
Грузоперевозки г. Железнодорожный;г. Железнодорожный;79261907203;fenixjob1@gmail.com
Грузоперевозки ДВ;Благовещенск, ул. Пионерская 206 оф. 303;7962285 26-06;89098107441@mail.ru
Грузоперевозки-коломна.рф;МО г.Коломна наб.Дм.Донского 39;79161118739;ya.gruzoperewozki@ya.ru
Группа Доставки;420061 Казань, П. Лумумбы 47а, оф. 20;79093093636;116@front.ru
"Группа компаний ""Санна""";Москва, 109004, Б. Дровяной пер., д. 11/8, стр. 1;74956624434;sale@sanna-group.ru
Группа компаний SAMCOM;г. Самара, ул. Дачная, 24;88005558386;mail@samcom.su
Группа Сиа Транс;Полярная 31Г стр.1;74997071521;info@seatranss.com
Дабл Лайн;Санкт-Петербург, Свердловская наб. д.44 лит.Ю;+78123193017;i.vaganov@doubleline.su
Дальневосточная транспортная компания;г. Владивосток, ул. Фадеева, 2;74232954158;sea_Line@list.ru
ДАС ГЛОБАЛ ЛОДЖИСТИК;Московская область, г. Химки, ул. Репина, д.34;74957950495;anna.abramova@dasglobal.ru
ДВ Экспресс;г. Хабаровск, ул. Краснореченская 106А, оф. 21;74212415540;dvexpress27@yandex.ru
ДВ-Авиа Сервис;Россия, г.Москва, Аэропорт Домодедово;74956428850;dvavia82@mail.ru
Деливери;ул. Сергеева-Ценского, 21;30652600222;urc-1@delivery-auto.com
ДеникС;город Иваново, Лежневское шоссе, строение 1;74932584343;info@deniks.su
Дженерал Транс;Санкт-Петербург,ул Маршала Тухачевского 27 корп2;78124495630;malanchuk.a@generaltrans.ru
Дженерал Экспресс Пост;Мира Проспект, д.56, стр.1;+7(495) 626-45-20;info@general-express.ru
ДЖи Пи Транс;МО, Климовск, Ленина, 1 офис, 306;74957744344;msk7744344@gmail.com
ДЖИ-АР Групп;450022, Российская Федерация, Республика Башкортостан,г.Уфа, ул. Кавказская 81, оф. 307;73472465667;info@gr-groups.ru
Джис Авто;Соколиной горы, 3я ул, д 12;74993463796;info@gis-avto.ru
ДжоДа;Санкт-Петербург, ул. Планерная 63 к.1 оф. 154;+78123805875;info@dzhoda.ru
Дилижанс Логистик;г.Москва, Пятницкое шоссе, 16;74999522971;dilijanslogistic@gmail.com
Доставка 161;г. Ростов-на-Дону;+79897029365;dostavka161@gmail.com
ДС Систем;Москва, ул.Никулинская 27;74996537002;ds-system@yandex.ru
Log World;Санкт-Петербург, ул. Думская, дом 4;78129826176;logworld@mail.ru
LogistiX;Москва, Ракетный бульвар, д. 16;74952254441;info@logx.ru
LOGISTONLINE;пр-т 100 лет Владивостоку 103;74232660577;vl@logist.tel
LTD S.C.H Logistics;г. Москва, ул.Шоссе Энтузиастов д.2;74993941507;andshleg@yandex.ru
ЕВРАЗИЯ Лоджистик;Москва, Проспект Мира, д. 105, стр. 1, офис 514;7 (495) 989-62-32;info@eurasia-logistic.com
ЕвроАзия-ВЭД;ул.Янаульская 38, офисное помещение 1;73422030117;perm@evroaziya.ru
ЕвроКурс;г.Дзержинск,проспект Чкалова д.47а;79200511800;EvroKurs@yandex.ru
ЕВРОЛАЙН;Москва,ул.Фадеева д.6, стр.2;+79859976264;ngmatov@yandex.ru
ЕВРОСИБ;140000, Московская область, г. Люберцы, ул. Красная д.1;74957448524;info@evrosib-logistics.ru
Евростар-Сервисная Компания;107023  г. Москва, Малая Семеновская, дом 3, строение 1, офис 206;74959213684;servis_s@gruz.su
Единая Логистическая Система (ЕЛС);г.Москва, Сигнальный проезд 33а;79628355100;oooels@bk.ru
Major;;+7(495) 737-60-06, 739-33-76;info@mjr.ru
Meno Logistics Turkmen  ES;744036, Туркменистан, Ашгабат, ул.2127, дом 84;99312218806;contact@menotrk.com
Mercury Logistics;84 Harbor Drive, Jersey City, NJ 07305;12014997645;info@mercurylog.com
Miles Logistic;г. Владивосток, ул. Стрельникова 7 оф. 501;78005556138;main@miles-logistic.ru
Moving.by;ул. Илимская, 10-190;+10(375) 29-349-53-12;info@moving.by
Niagara-Logistic;Московская область, г. Реутов, ул. Ашхабадская 16/1, 2 этаж;74959792657;9792657@gmail.com
NSS Project LTD;Сатаматие 4;358451284064;info@nssproject.org
Заблогистик;г. Чита, ул. Набережная 79 оф 3;73022555252;555252ru@gmail.com
ЗАО «Волга Лоджистикс»;410004 г. Саратов, ул. Набережная 22;78452392999;info@volga-logistics.ru
OMSAN LOJISTIK;109316, Москва, Волгоградский проспект, 47;74957816433;anastasia.lukina@omsan.ru
OPENCHINA;Пресненская набережная;78007753236;info@openchina.tv
Ostalbtrans GmbH;236000, г. Калининград, Советский пр-т, 49;(4012) 430-50-85;ostalbtrans@mail.ru
oteco;Москва, 115093, 1-й Щипковский пер., 3;+74952152306;logist@oteco.ru
Overland Logistics;г.Алматы, Байтурсынова 68;77272927773;logist1@overland.kz
Ив-Транском;г. Балашиха, микрорайон Салтыковка,Носовихинское ш, владение 253, офис 106, 108;+7(495) 514-68-92;info@ivtranscom.ru
Импортэкс;Россия, г. Владивосток, Партизанский пр-т 58 в, 3 этаж;74232607406;importexmail@gmail.com
ИНБС Интегрированные бизнес решения;125315, г. Москва, ул. Часовая, д.24, стр.2;74957907004;info@inbs.ru
Интеграл;Москва,Угрешская ул.,д12стр1;74952873324;info@integraldos.ru
Инфор;Самарская обл., г.Тольятти, Южное шоссе, д.30, офис 1А;+78482996020;tlt@infor.pro
PanEx;117152, г. Москва, Загородное ш., д. 1к1.;74956176611;info@panex.ru
Polar Express;165 Amboy Road, Unit 200, Morganville, NJ 07751;17329706785;info@polexp.com
PONY EXPRESS;;+7(495) 937-77-77, 8-800-200-76-69 ;feedback@ponyexpress.ru
Proft Logistic;2-я Звенигородская ул., д.13;+7(495) 969-41-48, (910) 456-82-78;office@proft.ru
К-Ф-К;Москва, ул. Мясницкая, д. 17 стр.1 оф. 8;74956237000;kfkcargo@yahoo.com
Камчатская Экспедиторская служба;Ак. Королёва, д. 39/2;79622177677;info@kamex-pk.ru
Канго Логистикс;Санкт-Петербург, Выборгская наб. 61, оф. 225;78124161111;mail@kango.ru
Караван;Волгоград, ул. Таращанцев, д.17;78442600630;van-karavan@yandex.ru
Караван Карго;Хабаровск улю Тихоокеанская 73-30;84212767031;sale@caravankhv.ru
Карго 21 Век;г.Москва, ул. Селезневская, д.15, стр.7;74997034855;info@cargo21vek.ru
КАРГО ИНТЕРМОДАЛ;Москва 2-й Южнопортовый проезд д.10 стр. 12;+74952233236;dir@cargo-intermodal.com
Карго Лайн;г. Хабаровск, ул. Краснореченская 139, оф.9;+79244040128;Cargo_line@mail.ru
Карго Логистика - CAR-GO;127238,г.Москва, Ильменский проезд, д.1;74957390715;mail@c-go.ru
Карго Траст;600035, г. Владимир, Кубышева, 16;74922474647;nikolaev@crtrust.ru
Карго Центр;г.Пермь, ул.Героев Хасана 105 корпус;73422387686;perm@c-go.ru
Карго-Лидер;Благовещенск, ул. Тенистая, д. 127, офис 506;(4162) 34-08-80, 31-02-08;cargolider@yandex.ru
КаргоЛогистик;Москва Новгородская 25;74956460494;cargologc@mail.ru
КаргоСервис;Москва ул.Электрозаводская 52;+74955186889;info@rus-cargoservice.com
КитЛогистик;432072, Ульяновская область, г. Ульяновск, Инженерный 1-й проезд, д. 17, офис 314;(812) 426-15-53;info@kitlogistic.ru
Китон Групп;Москва, Открытое шоссе 12 стр 3;74953800105;info@kiton-group.com
Колесница;Москва;79255046469;vip-garant@yandex.ru
Колосс Альянс;ул.Трубная, д. 29, стр.5;7 (499) 778-30-38;gpsatlas@yandex.ru
Компания  Лобанов-Логист – консалтинговая  логистическая  компания;107207, Москва, ул. Алтайская, д.4;+79165972912;Lobanov1963@mail.ru
Коннект-Логистика;г. Москва, ул. Электродная, д. 9Б;74959872213;anton@tk-l.ru
Контейнерная Транспортная Компания;195197, Санкт-Петербург, Полюстровский пр., 43A;+7(812) 635-70-59;info@trucking.su
Контранс;143131, Московская область, Рузский район, п. Тучково, ул.Восточная, д.1, стр.5, участок №5.;74956096638;support@contrans.info
КоронаТранс;4-й пр. Подбельского, д.2, корпус 1;+7(499) 409-85-79;info@coronat.ru
Краснодар-Экспресс;г. Краснодар ул. Ростовское шоссе, 14;7918239-01-11;kexpress@yandex.ru
КРАСТРАНС;660062, г. Красноярск, ул. Вильского 18а-107;73912881969;office@krastrans.net
КС-Логистик;г. Москва, ул. Малый Сухаревский д.9 стр.1;74959615295;ks@ks-logistic.net
Куда ставить;"г. Чебоксары, 9-ой Пятилетки пр-кт, 18/2, оф. 1 ""Е""";78352292959;292959@mail.ru
Курьер Бизнес Экспресс ;344082, г. Ростов-на-Дону, ул. Тургеневская, д. 22, оф. 2;79289660601;pr_anna@kubex.ru
Курьер Сервис Экспресс;115088, Москва г, Угрешская ул, д. 2, корп. 55;74957487748;info@cse.ru
RDS Worldwide cargo;Dubai;97145594546;info@rdscargo.ae
RLB-trans;127083, г. Москва, ул. Масловка Верхняя, д. 28, к. 2;74957844220;info@rlb-trans.com
RVA-Logistics;Санкт-Петербург, пр. Бакунина д.5;78127775251;alexandr@rusvipavia.ru
Лекотранс;г. Мытищи, ул. Железнодорожная, д. 52;+7(495) 999-31-91;info@lekotrans.ru
Либратранс;ул. Дмитрия Ульянова 44 строение 2;74959894419;info@libratrans.ru
Лигруз;620057, Россия, г. Екатеринбург, Авиационная 48;73432066610;zakaz@ligruz.ru
Лидер;ул.Молодогвардейская д.58;74993440795;popow.eugeny2015@yandex.ru
Лидер-Трак;1981881,ул. Маршала Говорова,д. 54,офис 81;+7(812) 784-42-80;chizhov_alex@mail.ru
Линия Логистик;109383, г. Москва, Проектируемый проезд 5113, д. 6, строение 1, офис 10;8(495)785-20-36;logist@linia-logistic.ru
ЛИНКО-ТРАНС;129085 г. Москва Звездный бульвар, дом 3А, строение 1;74993980796;info@linko-trans.ru
ЛК ГЕРМЕС, ООО;Казань, ул. Гассаара. д 14;78432783999;info@lk-germes.com
Лог-Про;г. Москва, РП Киевский, 18А;74955147164;infio@log-pro.com
Лог-Стар;Москва ул.Академика Волгина 33;7 (499) 394-01-14;Log-star@bk.ru
ЛОГИКА ВЭД;692941, Россия, Приморский край, г. Находка, ул. Внутрипортовая 22, офис 21;74236606565;info@china-trade.su
Логистик Юга;Москва, Вешних вод,2;79182209921;2201554@mail.ru
Логистик-Центр;Новосибирск;79529070440;9070440@mail.ru
Логистика Запад;г.Калининград, ул.Днепропетровская, 13;84012999998;logistika-zapad@mail.ru
Логистическая компания;2812 rm, Fuli Business Building, No.23, ZhongShan 8 road, Liwan District, Guangzhou. 510175;74952150470;chinagoldmark.ru@gmail.com
Логистическая компания Балтика-Транс;Новороссийск, ул. Коммунистическая, д. 42, 3 этаж;78617770014;nov@baltica-trans.ru
Логистратура;Москва, ул. Барклая, д. 13, корп. 1;79652746611;logistratura-trd@mail.ru
ЛогЛаб;"127247, г.Москва, Дмитровское шоссе, д.100, стр.2. Бизнес центр ""Норд Хаус"".";74952254824;info@loglab.ru
ЛогЛайнс;Санкт-Петербург, Московское шоссе, д.25;78129838997;office@loglines.info
Логмар;Санкт-Петербург,  ул. Кирочная, 9;78123477790;sales@logmar.ru
Лонгория;Москва, Очаково-1;7 (903)363-86-79;shilov-rgd@mail.ru
Лорри Групп;г. Москва, Егорьевский проезд, д. 2А;+74959801775;lorrygroup@gmail.com
Samskip Russia GmbH;ул.Усачева, д. 33, стр. 5;+7(495) 933-31-50;aivanov@samskip.ru
Shop-Logistics;ул. Бабушкина д.21 лит Б;78123096722;sales@shop-logistics.ru
Simple Logistic;18 км трассы М2;78003335732;ap@simple-logistic.com
Sky Avia;Москва, ул. Хачатуряна, дом 12, корпус 1;7 (495) 642-49-82;info@sky-avia.ru
Smart Logistic Group (SLG);г. Москва, Гранатный пер., д. 12;+7(495)781-36-87 ;office@slg.ru
SRM Systems, Ltd.;г. Москва, Можайский р-н, Сколковское шоссе, д. 31, стр 1;+7(495) 448-61-45, (901) 532-60-88;infosrms@gmail.com
М-ГРУПП;Санкт-Петербург, Пискаревский пр-т 63 А;79602833287;mgrup99@mail.ru
Магеллан Экспресс;Загородное шоссе;+79261969612;llc.magellanexpress@gmail.com
Макс-Авто;620016, г. Екатеринбург, ул. Предельная, 57/3 офис 405;73432980009;info@maks-avto.com
Мандарин;г. Мурманск, ул. Подгорная, д. 92, оф. 110;79217087892;mlc-mandarin@yandex.ru
Маримар;г. Москва, 3-й Угрешский пр., д. 6, стр. 5;+7(495) 785-29-61;Dmitry@marimar.ru
МД Транс Логистика;г.Москва, ул. Боровая, д.7,стр.10.;74959819281;mdtranslog@mail.ru
МегаТранс;г.Минск,  ул. Ольшевского, 24-433;3 751 72169984;belmg@megatrans67.ru
Медас Трэвл;456320, г. Миасс, Проспект Макеева,79-79;+79642405109;medastravel@gmail.com
Международный Экспедитор;Ижевск, 10 лет Октября, 23;+73412420111;info@intfor.net
Межтрансавто;129110, ул. Гиляровского, 57, офис 538;7495933-87-71;info@mtagroup.ru
Метатранс;г. Москва, бизнес парк Румянцево, Киевское шоссе 1;74993920091;metatrans@inbox.ru
МинТранс-Сервис;г. Москва;+7(495) 227-61-11;min-avia@mail.ru
Мир логистики в Санкт-Петербурге;Санкт-Петербург, Старо-Петергофский пр., дом 40, офис 411;78122441312;info@mirlog.ru
Миртранс;"шоссе Энтузиастов, д.5, здание НИИ ""Кабельной промышленности""";+7(495) 363-66-45, 643-13-04, 739-95-44, 266-45-22;info@mirtrans.orgwww.mirtrans.org
МобиТрансСервис;454008, ул. Косарева, 63, оф. 3;+7(351) 239-54-37 (38-39).;trans@tk-mts.ru
Морское Агентство Universal;г. Санкт-Петербург, Полюстровский пр. 43А, офис 332;+7(812) 635-70-59;sales@ship.ru
Москва-Сахалин;Москва, ул. Раменки, 43;74957787377;moccax@mail.ru
Московская Городская Транспортная Компания;г. Москва, Сытинский тупик, дом 3;74952151750;irinashamrina@gmail.com
Москонтранс;Москва Дмитрий Ульянова 42/1;74957745744;moskontrans@mail.ru!
Мосфургон;г. Москва ул. Вавилова д.5Б;+74952310220;mosfurgon@yandex.ru
МОЯ;asdfas;7777777777;kjf@mail.ru
Мрачковских;Юбилейная;79639702722;knigaotamogne@mail.ru
Taifun delivery;г.Москва, Нахимовский проспект 33;79168473737;edem-gruzim@mail.ru
TEK GlobalLogistic;ул. Коттеджная 1/1;+796079609991;m1@g-logistic.ru
Til-group;Санкт-Петербург, Кронштадтская ул,8;+79602771322;info@til-group.ru
TimoCom;Dusseldorf;48673525996;info.ru@timocom.com
TK Sapsan LTD;М. О. г. Подольск, ул Кирова, дом 82, офис 1;74997057825;tksapsan.ltd@yandex.ru
TRACKOM;Каширское ш 65;74955856323;info@trackom.ru
Transcom Katrin;г.Белгород Преображенская 17;79103627757;transcomkatrin@gmail.com
Translogera;Метало ул. 21, LT-02190 Вильнюс, Литва;37067309039;info@translogera.ru
Trust Spedition e.K.;Seelandstr-1A, Geb.5, 23569 Lübeck;4945170741384;info@trust-spedition.com
Наш Логист;454087, г. Челябинск, Троицкая ул., 1-В, офис 311;73517505290;info@logist74.ru
Негабарит онлайн;Первоуральск, ул.Ватутина, 13;79222972929;729@bk.ru
Норд Вил;г.С-Петербург, ул. Кубинская, д.75, корп.1, склад №1, погрузочное окно №3 (территория;89516630413;info@nordwheel.ru
НордКарго;Москва;74956430914;manager@tcnordcargo.com
НСВ-Логистик;г.Москва, 3-й Сыромятнический переулок, д. 3/9;74957838643;info@nsvlog.ru
UNI-LAMAN SHIPPING AGENCY;ул. Барклая, 6  БЦ “Барклай Плаза”, дом. 5, оф. 114;74957757409;moscow@uni-laman.com
USMAXX GmbH ;Stubbenkammerstr. 16, 18546 Sassnitz;+49 173 6105330;logistik@usmaxx.de
Объем ТК;5-й км Киевское направление МЖД д. 5;8-495-211-134-20;objem@mail.ru
Олимп ТЭК ;Москва, Масловка Верхняя 28, корп.2;74993904453;tk-olimp2012@mail.ru
"ООО ""Автосити""";Липецк, Доватора 14, офис 208;+79158501077;autocity48@rambler.ru
"ООО ""Евро - Транс""";г. Екатеринбург ул. Ангарская 77 офис 219;73432191817;etransport66@gmail.com
"ООО ""Партнер Транс Контейнер""";г.Москва Партийный переулок дом 1 к.11;74953633419;info@parttrans.ru
"ООО ""Первая Транспортная Компания""";пр-кт Московский, д.168А;79172485623;info@ptk-chelny.ru
"ООО ""Профкомфорт""";1-й Советский пер д.25;+74965614481;borisovsv@yandex.ru
"ООО ""Рускон-Брокер""";353900, Российская Федерация, Краснодарский край, город Новороссийск, улица Губернского, дом 28;+78617300050;sales@rcbroker.ru
"ООО ""Симин-Т""";Москва, Новопоселковая улица, дом 6, корпус 4, этаж 2.;+79067869997;secretar@simin-t.ru
"ООО ""Сфера доставки""";620034 г.Екатеринбург, ул.Бебеля,17 офис 509;73433818900;info@sferado.ru
"ООО ""ТЭК Юг""";Новороссийск ул. Леднёва 6 офис 201;+78617601221;balkovoy@tek-ug.com
"ООО ""Урал-Авто""";Челябинская область, г. Озерск;79227327827;uralavto-oz@yandex.ru
"ООО ""ФАСТранс""";Челябинск, Механическая, 14;73512102354;eae.chel@fastrans.ru
"ООО ""Э.М.С.К.""";Комсомольская площадь, дом 3/49А;84992609848;msc-buh@emck.ru
ООО SapsanPlus;Тихорецкий бульвар, д.1;74952552982;sapsanpluscargo@gmail.com
ООО Авто - бизнес;Скотопрогонная.35-2-313;89269265375;piramida.sv@mail.ru
ООО АвтоДорСервис;Тарко Сале;73499729222;autodorservis89@mail.ru
ООО АРВ-Континент;143022 Московская обл., Одинцовский р-н, п. Летний отдых, Звенигородское шоссе, д. 3, стр. 1;+74956659343;arv@arv-kontinent.ru
ООО БИТ-Форвардинг;Новороссийск, ул. Портовая 6, оф. 410;+79648923232;info@bit-forwarding.com
ООО Восточная Транспортная Компания;г.Хабаровск ул Краснореченская 197 оф 13;74212456675;info@vtkkhv.ru
ООО ВЭЙ-ГРУПП;Пограничников, 42,стр. 3, 3-ий этаж;+739173912491;office@wayg.ru
ООО ГК;170028 г.Тверь ул.Бульвар Цанова д.8 к. 2;79201534009;aag141070@mail.ru
ООО Грузилов;190031, Санкт-Петербург, Набережная реки Фонтанки, 113, офис 602;+78129033823;spb.gruzilov.ru@yandex.ru
ООО ИнтелТранс;690088, Россия, г. Владивосток, ул.Жигура 26а, оф. 5-4, этаж 5;+74232469555;info@intelltrans.ru
ООО Карго Логистика;г.Пермь, ул.Трамвайная, д-27;+73422387686;perm@c-go.ru
ООО Речсервис;г Якутск ул Новопортовская 1;74112317345;ykt@rechservice.ru
ООО РТК;г.Санкт-Петербург;78127021963;regtkom@gmail.com
ООО РЭЙЛ-ЛОГИСТИК;г. Москва, Сокольнический Вал, 2-а, оф.248;7 (499) 1360343;info@raillogistik.ru
"ООО СЗТК ""Логистика""";Санкт-Петербург, Магнитогорская д.30;78123892505;office@sztklogistika.ru
ООО СТС ТРАНС;Москва ул.Судостроительная д 18 корп 5;79262487589;pikalo@inbox.ru
ООО ТК ТрансРусь;Москва Кубанская 24;74957208121;transru@yandex.ru
ООО Транзит-ДМ;Санкт-Петербург ул. Полтавская д.9А;78126427668;tranzitdmspb@mail.ru
ООО ТРАНССЕРВИСГРУПП;г. Новосибирск, Есенина 3/1;89137720922;Zvv1104@mail.ru
ООО ТТК Концепт;гЩелково ул.Буровая д.18;74993690135;ttk-koncept-a@mail.ru
"ООО ТЭК ""Лидер Логистики""";Новороссийск;+79284407662;sales2@lleader.ru
ООО Фарт;Москва, 6-я Радиальная 62,стр.1;7 (909) 988-85-56;fart-logistic@mail.ru
ООО «ЕВРОЛОГИСТИКА»;142784,Москва,п.Московский, пос.Ульяновского лесопарка, владение 1;+74957716008;info@eurologic.ru
ООО «Квелитет»;192019, Санкт-Петербург, ул. Профессора Качалова, дом 11;78126480080;info@kvelitet.ru
ООО «Магистраль-Авто»;02093, ул. Бориспольская, 11/а;+380675010781;autovoz.ua@gmail.com
ООО «Транспортно Экспедиционная Компания Вояж»;142103, Россия, Московская обл., г. Подольск, ул. Бронницкая, д. 1;+74956638687;zakaz@vtl-group.ru
ОПАСНЫЙ ГРУЗ;111141 г. МОСКВА, 2-Й ПРОЕЗД ПЕРОВА ПОЛЯ, Д.9;74995799149;info@opasnuigruz.ru
Оптима;г. Москва, ул. Кольская, д. 7, стр.9;+7(495) 721-20-84, (985) 920-50-62;konst_kov@mail.ru
От двери до двери;123242, ул. Баррикадная, д.8, стр.9 ;+7(495) 691-27-58, 544-71-17;info@otdveridodveri.ru
Отвозим;414014, г. Астрахань, ул. Адмирала Нахимова 109 “а”;88512243333;tkotvozim@yandex.ru
V.I.G. Express;121087, Москва, ул. Барклая, д. 6, стр. 5;74952692929;info@vig.ru
VEM TRANS;Чермянская улица дом 1 ,  Москва, Россия;74997532988;info@vemtrans.ru
Verify Lines;129128, г.Москва, ул. Бажова д.17;74952301036;7231593@mail.ru
Парус;ул. Гостиничная д.3, к.11 ;+7(495) 505-45-23;
Патриот;Ярославская обл. р.п. Красный Профинтерн. д. 1.;79023326672;yaroslavl.patriot@yandex.ru
Первая грузовая компания;105064, Москва, ул. Старая Басманная, д. 12, стр. 1;+7 (495) 663-01-01;office@pgkweb.ru
Первая Транспортная Компания;пр-кт Московский, д.168А;+78552202720;info@ptk-chelny.ru
Перевоз-Сервис;Вавилова 58;79613063061;pereezd161@bk.ru
Перевозим Всё;Дмитровское шоссе, д. 157, стр. 9;74956613002;office@perevozimvse.ru
Перевозка грузов;Москва, Волгоградский пр-т, 32;79295401687;v.pgb@yandex.ru
Перевозофф;Москва ул. Набережная д. 14;79670927571;vovanidze86@mail.ru
ПЕРЕВОЗЧИК;111675, г.Москва, ул. Святоозерская, д.21;74957699627;client@perewozchik.ru
Переезд 61;Ростов-на-Дону пр Коммунистический 34;79061839687;pereezd-61@yandex.ru
Переезд-Идеал;123056 Москва, ул. 2-я Брестская, дом 39, стр. 3;74957625393;pereezdideal@yandex.ru
Переезд39 - транспортная компания ;Багратиона 49;74012391282;pereezd39gruz@yandex.ru
ПЛМ Карго;1-ая Мытищинская, д. 28, к.1;+7(495) 787-47-69, 580-24-74 ;info@palmertek.ru
Попутный Ветер;наб. Обводного канала, 199, офис 401;78007751989;povetru.express@gmail.com
ПОСТ МЕДИА, курьерская служба;ул. Картамышевская, 9, 65091, Одесса, Украина;380487770302;info@postmedia.ua
ПРЕМЬЕР - СЕРВИС;141090, Московская область, г. Королев, ул. Ленинская д.12;7 (495) 991-55-23;wood1998@mail.ru
ПРО-ЛОГ;Москва, ул.Лесная д.43, оф.231;7 (495) 640-54-34;sales1msk@prlg.ru
Пролайн;г. Санкт-Петербург, улица Салова дом 57 корпус 5;7(812)4487072;D.Malahov@proline.su
Пром-Сервис;670010, ул. Воровского, д. 23, офис 7;+7(3012) 61-27-89;prom-servisu-ude@mail.ru
ПромРесурс;ул.Карла Маркса, д.37, корп.1, офис 406;73472660080;promtransresurs@bk.ru
Простор Логистик;109235, г. Москва, Проектируемый проезд 4386, дом 1, строение 1, помещение V.;74952150517;infp@prostorlog.ru
Профессиональный Переезд;Ростов-на-Дону пр. Стачки 227;79614115111;ivanov.andrey27@yandex.ru
Профуниверсал;г.Ростов-на-Дону, ул. 2-я Володарского, 76, офис 602;78632467724;profuniwersal@yandex.ru
ПУНКТ Б;644005, Россия, г. Омск;73812514550;info@punkt-b.ru
Way Cargo Service;;+7(495) 645–70–40;info@waycargo.ru
Райдерс;ул.Таллинская, д.17, корп.1, оф.11;74955454888;info@riders.ru
РАКЕТОВОЗ;Молодогвардейская, д. 65, корп. 3.  (Ст. Кунцево 2);7 (495) 636-27-06;manager@raketovoz.ru
РБ лоджистикс;129626, г. Москва, ул. Маломосковская, д. 22, стр. 1;+7 (495) 744-8-744 	+7 (495) 543-2-543 -   отдел продаж;info@rblogistics.ru
РБ Транс;г. Санкт-Петербург, ул. Минеральная, д.37;+7(812)435-65-24;sale@rbtrans.spb.ru
РейлТрансАвто;107078, Россия, г. Москва, Докучаев пер., д.6, стр.2;+7 (495) 777-02-55;info@railtransauto.ru
РефДоставка;г. Санкт-Петербург, Средний пр., д. 44;79218450173;e-naum@mail.ru
РЕФКА;Москва, поселок Восточный, ул.Главная д.3.;74959203133;refkar@mail.ru
РИАЛ-Логистик;Москва;7 (495) 938-97-30;zahnp@mail.ru
РЛС (Русская Логистическая Служба);г. Москва, Петровско-Разумовский проезд, д. 29;+7(495) 933-00-33;sales.moscow@rls.ru
Росавтолинии;г. Санкт-Петербург, пр. Стачек д.37 офис 122;78123205170;info@rusautolines.com
Росарм Транс;Одинцово, ул.Западная, д.13;84955170122;info@rosarm-trans.ru
Рослогистика;Ижевск, Новоажимова 13;+73412609900;roslogistica@yandex.ru
Российско-китайский центр развития торговли;г. Москва, ул. Нижняя Красносельская, вл. 40/12;74952229588;info@rccrt.ru
РоссТрансЭкспедиция;"197101, ул. Мира, д. 3, бц ""Троицкий"", офис 314 А";;info@rosstrans.ru
РостАвтоПартнер;Ростов на Дону, ул.Таганрогская,117;79198756289;pak@rostavtopartner.ru
Роуд-Екб;Екатеринбург, ул. Хомякова 2;73433443565;road-ekb@yandex.ru
РТ-Доставка;Шахтеров 4 стр 8;73912090973;rt-dostavka@mail.ru
РТК Логистика;;(495) 500-52-93 (многоканальный), (495) 545-23-29;
Рубикон-Транс;241020, пер Московский, д 3-а;;
Рус Логистикс;Москва, улица Грина, дом 36, офис 6;74957149254;info@rus-logistics.ru
РУСАВТОЛОГ;630015,г.Новосибирск,ул.Королева,29;+7-913-474-79-74;rusavtologist@gmail.com
Русбаррус;Волоколамское шоссе, д.114, кор.2;+7 (495) 745-40-30;sale@rusbarrus.ru
РУСЛОГИКО;г. Москва;+74957443136;info@ruslogico.ru
Русская Почтовая Служба ;Г.Мурманск, ул. Журбы 5, оф. 306;78152601211;auto-empire051@yandex.ru
Русский Логистический Провайдер;г. Санкт-Петербург, пер. Макаренко, д.12;78127026065;info@rlp.su
Рязань Переезд;г. Рязань, ул. Народный бульвар, д. 11;74912513045;info@ryazan-pereezd.ru
СанВенто;Россия, Краснодарский край, г. Новороссийск, ул. Мира, д. 9;79184667768;info@sunvento.ru
Сапсан;г.Москва Тюменский проезд 3;79263666818;2013sapsan@mail.ru
СДЭК;г. Новосибирск, ул. Большевистская, д. 101;73832510160;t.simutina@cdek.ru
Север Транс;МО г Подольск Шамотная, 8;74955179363;a.lazarev@severtrans.net
Севертранс;ул.Кубинская, д.9;+7(812) 715-68-19, 369-10-24, 369-10-25;severtrans@mail.ru
СЕЛЕНГА;г.Новосибирск , Красный проспект д.79 офис 303;(499) 258-30-38;info@slnga.ru
СЕРВИС - ТРАНСПОРТ;629400 ЯНАО г.Лабытнанги ул.Советская 7;79124229891;servis-transport89@yandex.ru
Сеул Карго;г. Москва ул. Каширский проезд д. 5 оф. 4;(926) 318-52-58;seul.cargo@yandex.ru
СЗТКом-М;Илимская дом 3 строение  13;89851913005;levсhukpa@gmail.com
СибирьАвто;ул. Розы Люксембург, д. 202 А, оф. 107;7964807-66-23;sibirautolm@gmail.com
СИБТЭЛ;Иркутск Байкальская 295/13;83952798958;info@sibtelk.ru
Синергия Логистик;ул Паршина, д. 16;88003331828;info@alianca.ru
СинМар;111020 г. Москва 2-я ул. Синичкина д 9 а, стр. 10, офис 10;+74957886814;info@sinmarlogistic.ru
Сион;196641, Санкт-Петербург, пос. Металлострой, дорога на Металлострой, д.11 оф. 306;+7-812-332-71-57;info@sionspb.ru
СИРТЭК;ул. Большая Черёмушкинская 13/17, строение 4;+7(499) 129-15-06, 129-46-27, 220-97-51;sirtec@list.ru
Скай Берд Логистикс;1-я Морская;74232913716;info@skybirdlogistics.ru
СКАЙ-МАРИН;141400, Московская обл., г. Химки, Международное шоссе, влад. 1, офис 1017;74957800141;ar@sky-marine.ru
СкайТЭК;г. Новосибирск, ул. Фрунзе 88;73833751827;info@skytec54.ru
Скорость;Мытищи, Олимпийский проспект, д.40, корп.3;74956699137;pavel@tk-skorost.ru
Служба Вежливой Доставки;109428, г. Москва, Рязанский пр-т, д. 10, к.2, стр. VI;74959563819;info@tk-svd.ru
Служба доставки Эксорус;г. Тула, ул. Ф. Энгельса, д. 53;7-487-258-05-81;zakaz@exorus.ru
СЛУЖБА КВАРТИРНОГО ПЕРЕЕЗДА №1;г. Санкт-Петербург, ул. Верности д. 38, кор. 1;78129313219;pereezd-9313219@mail.ru
Совтранс;;+7(495) 648-88-34, 589-73-88;info@sovtrans.net
СОЛ;192289 Санкт-Петербург, ул. Софийская д. 80  офис 709;78126427702;manager@solltd.ru
СООО Форпост-М;224026, г.Брест, ул.Вычулки, 107/1, к.8;375162506289;natali.antonenko@list.ru
СоюзХимТранс-авто;СПБ, Маршала Говорова, д.43;78123372322;info@sktauto.com
СОЮЗЭКСПЕДИЦИЯ;105523, г. Москва, ул. Щёлковское шоссе,  дом 100, корпус 5.;74956044265;customs@soyuzexpedition.ru
СоюзЭкспрессТранс-Урал;Екатеринбург, Завокзальная 5;+73452586641;settum@inbox.ru
Спасибо.ру;123423,г.Москва, ул.Народного Ополчения д.34, стр.3;74957376051;kzaharova@itsair.ru
СПб Евротранс;Новорощинская ул., 4А;79313647494;ekaterina-sementieva@spb-eurotrans.ru
СПЕКТР ЛОГИСТИКА;107 076, г. Москва,ул. Стромынка, д. 19, корп.2, оф.118;74959677824;spectrlogistica@mail.ru
СПСР Экспресс;г. Москва,  Волгоградский пр-т, д. 42, к.23;+7(495)981-10-10, 980-10-90;cpcr@cpcr.ru
СТ-КАРГО;МО, Дмитровский р-он, пос. Некрасовский, ул Шоссейная 3а;7 (495) 997-04-52;st-cargo@inbox.ru
Сталкер;Иркутская обл.,г.Тулун;79501181818;tulun-stalker@mail.ru
СТАТУС-ЛОГИСТИКС - Грузоперевозки и переезды по Москве и МО;Офисный центр;74999900890;zakaz@status-logistics.ru
СТК экспресс;г.Москва ул.Промышленная 11А;79011854438;stk-express@mail.ru
СТЛ;ул. Большая Почтовая, д. 30, стр. 2, офис 201;+7(495) 649-20-14;office@c-t-l.ru
Столичная грузовая компания;119602, г. Москва, ул. Никулинская, д.27;74959215252;info@1st-perevozka.ru
Столичная Логистическая Компания;Дмитровское шоссе, 100, стр. 2;74956176685;sale@stolog.ru
СТОЛИЧНЫЙ ЭКСПЕДИТОР;107140, г.Москва, пер.Красносельский 1-й, дом 3, стр. 1, ком.79;79774761920;stek.moscow@yandex.com
Стрелой;г. Санкт-Петербург, Дмитровский переулок, д.13, офис 7;78123477031;info@streloy.ru
Стриж;Огородный проезд;79036713393;ekr.strizh@yandex.ru
СтройТранс;Москва, 5-я Магистральная, 10-10;79260820904;mail@stroytrans-msk.ru
СтройТранс-78;Санкт-Петербург, пр. Энгельса, д.37, оф. 403;+78123091114;stroytrans-78@yandex.ru
СТС-Авто;г.Екатеринбург, ул. Блюхера, 50, оф. 220б;+7(343) 237-25-66;sts.trans.ekb@gmail.com
ZOSUS;Seattle, Washington, USA;12069104357;service@zosus.com
Т-Транс Москва;г. Москва, ул. Дербеневская дом 20 стр. 26;74959264701;info@tt-trans.ru
Таселаж;Москва, ул. Вешняковская, д.18;74955858348;sales@tacelaj.su
Татмаг;Москва (ул. Большая серпуховская, дом 31, корпус 6);88002004660;tatmag.su@gmail.com
ТЕНДЕР-АВТО;Москва, Профсоюзная ул., д.57;74953326400;tender@df.ru
ТЕРМЕКС-Карго;Ленинградская обл., г.Тосно, Московское шоссе д.44;79602200837;grinin@thermex.ru
ТехноВлад;Владивосток, ул. Стрельникова, 4/6, оф. 19;74232661314;technovlad@bk.ru
ТехноГранд;Тюменский проезд, дом 2  (территория 28 автокомбината);+7(495) 661-64-49;info@tehnogrand.ru
ТехноТранзит;ул. Ремизова,д.7;+7(495) 220-10-17;info@tehtranzit.ru
ТехсТройТранс;111141 г. МОСКВА, 2-Й ПРОЕЗД ПЕРОВА ПОЛЯ, Д.9;79872954105;info@tehstroytrans.ru
Тёббе Негабаритные перевозки;г. Москва, 3-й Хорошевский проезд;79263445275;logist-msk@toebbe.eu
Тименкова З.В. / ПЯТЬ ТОНН;195427, Санкт-Петербург, ул.Веденеева 4-386;79214228741;ZoyTimenkova@mail.ru
"ТК ""МилаТранс""";Красногорск;74957955816;marat@milatrans.ru
ТК АРМАДА;а/п Домодедово;74993401098;armada-cargo@mail.ru
ТК Отвозим;414014, г. Астрахань, ул. Адмирала Нахимова 109 “а”;88003334334;tkotvozim@yandex.ru
ТК Простые Перевозки;Город Москва,ул Петра Алексеева.;79250026778;pro.perevoz@yandex.ru
ТК Совтрансавто;117534, Москва, Ак. Янгеля 8-67;74952217551;tc-sovtransavto@ya.ru
ТК Стан;ул.Набережная, д.11;78435127486;stantransport@yandex.ru
ТК Тайфун;127015, г. Москва, Бумажный проезд, д. 19, стр. 7;74959201083;s9858028670@yandex.ru
ТК-Экватор;Москва, 5ая Магистральная 12;74956600169;tk-equator.ru@mail.ru
ТЛК-НЕФТЕСНАБТОРГ;г. Москва, Валовая ул., д.2-44, стр.3;79857771112;info@tlk-neft.ru
ТОО MALIMM-Trans;Я.Гашека 16 А;+77152519383;irina_malimm-trans@mail.ru
Транзит;690065, г. Владивосток, Россия,  ул.Крыгина, 40;74232495813;info@transitllc.ru
Транзит-РТК;Россия, Москва, Карачаровское шоссе, д.5;(495) 730-18-50;
Транс Вулф;ул.Кондратенко, д.3;78124481040;transwolf@bk.ru
Транс Град;Токмаков переулок, д. 11;79857247128;t_grad@bk.ru
Транс Инвест;ул. Землячки, д. 15;+7(4732) 69-58-16;kutyavin_si@ti.butlvz.com
ТРАНС-АТЛАНТИК;Говорова 35;78122404847;biz@tatlantic.ru
ТРАНС-АТЛАНТИК ЛТД;ул. Маршала Говорова 35;+78122404847;biz@tatlantic.ru
Транс-Атлас;г.Луцк ул. Захарова 7б;380503738104;zubruss@mail.ru
Транс-Интэк;пр. Победы, 109;7 (914) 705-73-72;info@transintek.ru
Трансагентство Экспресс-Флай;129301,  г. Москва, Ракетный бульвар,  д.17;74958001880;ex-fly@list.ru
Трансберри;МО, г. Химки, ул. Авиационная, вл. 8;74959792655;sales@transberry.ru
ТрансКарго;РФ,  г. Москва, Спартаковская пл., д.10;74956654639;info-trcargo@mail.ru
Транскарго Екатеринбург;Предельная 57;83433899022;logo.ekb@ya.ru
ТрансКом-Авиа;г. Домодедово, МО, ул. Лесная д.23;74955439503;info@transcomavia.ru
ТрансКом-Авиа Крым;Республика Крым, г. Симферополь, ул. Генерала Васильева, д.30;79787255844;info@transcomavia.ru
ТрансКомЛогистик;127486, Москва, ул. Дегунинская. д. 1, корп.4;7 (499) 488-33-42;transkomlogistik@yandex.ru
ТРАНСЛАЙН;Россия, 170043, Тверская область, Тверь, пер.Свободный, д.9, оф.501;79108319424;trans-line69@mail.ru
ТрансЛогистик;620073 г. Екатеринбург, Крестинского д.44 оф.705;73433834071;starkov@translogistik.ru
Транспортная Компания;Казань;79625517075;89625517075@mail.ru
"Транспортная компания ""Дельфин""";г. Екатеринбург, ул. Краснолесья, 157;73433833513;info@delfintek.ru
"Транспортная компания ""Зеленоградская""";Москва, Зеленоград г., Крюковская пл., 1, стр. 1;79268276566;info@zelenograd-perevozki.ru
Транспортная компания ВТС;109428, г. Москва, Рязанский проспект, д. 16, стр. 4;74953804040;info@tkvts.ru
Транспортная компания Кайман;Санкт-Петербург, проспект Стачек д.37 корп.2;78123205176;blancom@inbox.ru
Транспортная компания НордКарго;г.Москва,улюКотляковская д3стр1;79856430914;manager@tcnordcargo.com
Транспортная компания ПунктАвто;424004, Йошкар-Ола, ул. Волкова 60, офис 223;+7-836-239-70-66;punktauto@yandex.ru
Транспортная компания Шарафиев Р. Р.;г. Ижевск, ул. Высотная, 20;79128565238;rustam1803@list.ru
Транспортная логистическая компания РосТранс;Санкт-Петербург, Заневский пр., д. 38, офис 2;78129786868;order@rostrans.biz
Транспортная ЮГТРАНССЕРВИС;г. Ростов-на-Дону, ул. Доватора 132/1;+78633008356;3008356@mail.ru
ТрансПэк;129626, Москва, Графский пер., д9. стр.1;74952281494;aksenova@postec.ru
ТрансСиб;Коровинское шоссе, 35,стр. 1;+7(495) 785-64-22 (многоканальный);tsib@tsib.ru
ТрансСибСервис;г. Москва, Петровско-Разумовская алеея, д. 6, помещение 7;+7 (495) 2589005;
ТрансТимЛоджистик;Свердловская область, г. Екатеринбург, ул. Автомагистральная 44;73432717061;mail@ttl-llc.ru
ТрансЭксБизнес;ул.Толбухина 4;79163653334;transebiz@gmail.com
Траст Логистика;Москва, Севастопольский проспект дом 95Б;79268987489;s.rezanov@trust-l.ru
Трафт;Каширское шоссе, дом 21, 5-й этаж;+7(495) 228-77-71 многоканальный;zakaz@traft.ru
ТриниКом;г.Н.Новгород, Полтавская, 16;78312787486;trinicom@mail.ru
ТСГ - Красноярск;660135, г. Красноярск, ул. Октябрьская, 3а;73912765414;info@tsg-kr.ru
ТТК КОНЦЕПТ;г.Москва, Мажоров переулок, дом 7, оф.53;74993690135;ttk-koncept-1@mail.ru
Турбус;191040, г. Санкт-Петербург, Лиговский проспект, д. 64/66, пом. 9Н;78127122013;info@tourbus.spb.ru
ТЭК Алвадис;г.Владивосток, Верхнепортовая 38 офис 301-303П;+7-423-270-98-93;info@alvadis.ru
ТЭК Альфа Транс;129626, Москва, 1-я Мытищинская, 28, стр.1;74957819199;alfatrans.mov@tk-at.ru
ТЭК Лидер Логистики;Набережная Адмирала Серебрякова, 15/2;79886670218;sales3@lleader.ru
ТЭК Логистические Решения;214020 г. Смоленск ул. Смолянинова д.13-А;74812209797;info@logistik67.ru
ТЭК Соболь-Новосибирск;ул. Королева, 40 корпус 40;73832332250;info@teksobol.ru
ТЭКСИБ-м;Проспект Мира, 101, офис 204;+7(495) 380-12-00, 785-64-85;office@taxib.ru
Удачный переезд -Логистические решения .;http://gruzoperevozkisalsk.jimdo.com;79185538844;gruzoperevozki@rx24.ru
УП Эркюль;Минск, ул. Сторожевская, 8;3750175101101;info@logistory.by
Уральская Транспортная Компания;Челябинская область, г. Златоуст, ул. Аносова, 180 В.;73513695151;info@oooutk.ru
Ухта-Транс;Ухта Республика Коми;+7-922-582-91-59;odegov77@mail.ru
Фаворит 56;460048, г.Оренбург, пр-д. Автоматики, 8А;7(800)5000056;favorit56@bk.ru
ФАСТ КАРГО;РФ, Московская область, г. Фрязино, Проспект Мира д.33 корп.2;+74999917199;infofc@bk.ru
ФЕНИКС;г. Домодедово, ул. Станционная, д. 20;74992717039;info@tk-feniks.ru
Флай Логистик Групп;г.Липецк, Универсальный проезд, д. 14, офис 306;74742242221;Fly-logistic@mail.ru
Флекс;г. Пермь, ул. Куйбышева, д. 119, оф. 304;83422777992;2777992@mail.ru
Формула Переезда;г. Москва, ул.Каспийская, д.12;7  (495) 509-25-92;info@formulapereezda.ru
ФОРС ЛОДЖИСТИК;Пос.им Тельмана Красноборское ш;78129408154;top@4slog.ru
Фортуна Транс Экспресс;г. Екатеринбург, ул. Машинистов, дом 10;78127725507;fte.spb@mail.ru
Фортуна Экспресс;Троицкий Тракт 74;73517298789;174ras@gmail.com
ФортунаЛог;117449 г. Москва ул. Карьер д. 2А стр. 1 (м. Академическая);74957553961;info@fortunalog.ru
ФПК-Логистика;Москва, Николаевский тупик, домовладение 1;74955878585;sales@fpclog.ru
ФриЛайнсКомпани;115432, г. Москва, проспект Андропова, д. 18, к. 5, эт. 18, пом. XX, ком. 8;74956406355;nfo@free-lines.ru
Фронт Лайн Карго, ООО;Москва, Симоновский вал,7 к.2 оф. 11;7 (968) 378-17-22;alex@frontlinecargo.org
Фронтера;г.Владивосток пр-кт Красного Знамени 82В офис 204;74232944747;client@frontera.me
Хэйджхог Кэрри;Спб, ул. Моховая, д. 9;78126458703;hhcarry@gmail.com
Центр Логистика;Россия, Москва, Бережковская набережная, 16А стр.2;74959258810;center@center-logistics.ru
Центрально-Черноземное грузовое агентство;г.Воронеж Аэропорт;74732918769;info.mpavia@gmail.com
Центрум Логистик;г. Азов, Чехова, 22;78634243194;centrumlogistic@mail.ru
ЦентрЭкспресс;Москва, Тайнинская ул., 9;74957470747;admin@centerexpress.ru
ЦЭК ТрансКонтейнер;г. Ярославль, ул. Кооперативная, д.8;74957881717;isales.trcont@gmail.com
ЧелТрансКом;Челябинск, Кирова 9/1;73517504968;cheltc@mail.ru
"ЧТУП ""АТЛК""";ул. Весенняя, 19А, пом. 15;375152480108;atlk.grodno@gmail.com
ЧУДО;129075, Москва,ул Калибровская 31а, офис 312;74959692075;ilia@chudo-rail.ru
Шерл Транспортная Компания;194021, г. Санкт-Петербург, ул. Политехническая, д. 1;88126330368;alex85ak@yandex.ru
Шмель;Тюменский проезд д.2;74952212921;info@shmel.ru
Эдотранс;Волгоградский проспект, 99;74959985408;chareisig9abb@inbox.ru
Эй Би Икс Лоджистикс;Витебский пр., д. 11, лит. Я;+7(812) 380-72-10;Dubois@spb.sitek.net
ЭйрБриджКарго;;+ 7 495 7862613;info@airbridgecargo.com
ЭйрТрансс;142715, Офисно-складской комплекс: Московская область, д.Апаринки, складской комплекс Апаринки, блок №5, подъезд 2;8800777-50-50;e.kolesnikova@airtranss.ru
ЭкоАвтоСервис;ул. Рощинская 33;79219031735;ecoavs@gmail.com
Экодор;129343,проезд Серебрякова, д.2, стр.1;+7(499) 187-78-18, 187-78-27, 187-90-88 ;info@ecodor.ru
Экорт и К Логистик;Пр.Староватутинский,д.10,стр 17;+7(495) 662-97-70;info@eklog.ru
Экспедиция (Сочи);г.Сочи, ул.Пластунская, 21/а;79186000850;standon@yandex.ru
Экспедишн Групп;Москва;74955146350;horoshih.i@xpdgroup.ru
Экспресс Карго;Ижевск, ул.Саранская , 1а;73412541511;excar@udm.net
Экспресс Лайн;109544, г. Москва, ул. Новорогожская, 22;+7 (495) 626-87-85;info@expresslain.ru
Экспресс ТК;г. Москва, ул. Складочная, д.1;74955048098;polikart@inbox.ru
Экспресс Точка Ру;г.Нижний Новгород, ул. Гордеевская,д.7;78312770525;belyaeva@express.ru
Экспресс Экспедиция;;+7(4912) 28-84-07;
Экспресс-почта;191040, Россия, Санкт-Петербург, Лиговский проспект, д. 50, корп. 11, оф. 61;78126330225;post@express-post.ru
Экспресс-Сервис;Кулаков переулок 17;74959439577;info@ekser.biz
Элатон Плюс;390000, г. Рязань, пр. 4-ый Добролюбова, д.1 оф.44;+7(4912) 28-84-07, (920) 956-72-33;elaton@list.ru
Элефант;Наш офис находится в Москве по адресу ул. Чермянская, дом 1, строение 1, офис 310;;info@elephant-moving.ru
Эльбрус;192007, г.Санкт-Петербург, ул.Воронежская, д.33, литер А, 1 эт.;78124490399;mail@elbrus-tek.ru
Эльбрус-ТЭК;Черняховского 50А;78005551448;office@elbrus-tek.ru
ЭскортКарго ГК;г. Омск 1-й Красной звезды, д. 51;(381) 299-82-11;escort-omsk@mail.ru
Ю.Л.С.;142770, г.Москва, ул.Академика Арцимовича, 3Б.;74956044626;7090595@uls-russia.ru
ЮгТрансСервис;344103, г Ростов-на-Дону, ул. Доватора, 144/18;;olga.haima@yandex.ru
ЮгТрансСервис;г. Ростов-на-Дону, ул. Доватора 132/1;+7(863) 300-83-56;vasil_sts@bk.ru
Южный речной порт;;+7(495) 771-73-07, 354-83-12, 354-83-57;info@urport.ru
ЮмТрансСервис;г. Ростов-на-Дону, ул. Таганрогская, д. 128 Б;+7(863) 282-19-12;trans@umtr.ru
ЮНИ-ЛАМАН ШИППИНГ ЭЙДЖЕНСИ;РФ, 121087, г.Москва, ул. Барклая, 6, строение 5,  1-й этаж, комната 35.;+74959759652;moscow@uni-laman.com
Юнилог-Москва;Рязанский проспект, д. 24 корпус 1,  офис 207;+7 (495) 223-56-58;oslamova@unilog.ru
Юнимув;ул.Дербеневская улица, д.20с3, офис 11;8 (499 )391-06-15;info@unimove.su
ЮНИтранс-Сервис;МО, г. Химки, Вашутинское шоссе, д.4;74955452919;sales@unts.net
ЮНОВА-Логистик;107150, г Москва, ул Бойцовая, д 23;79254609011;unova-l@yandex.ru
ЮС Логистик;ул. Свободы, д. 37;+7(4242) 40-11-00, (962) 123-65-30;msp@yslogistic.ru
ЮТС;Ростов-на-Дону ул Суворова 25 оф 325;78633008356;mehedovgts@mail.ru
ЯгуарАвто;454003.  Академика Королева, 1-4;;irinka555@inbox.ru
ЯЛ Транс;393230, Тамбовская обл., Бондари;74752329106;yal-auto@ya.ru
«Аркаим» - Транспортная Компания;454080, г. Челябинск, ул. Энтузиастов, 28а, оф.310,;73517785166;info@tkarkaim.ru
«НИКСИ ЛОГИСТИК»;Химкинский р-н, аэропорт «Шереметьево 2», ДЦ «Шереметьевский», оф. 211/2.;+74957411554;info@niksilogistic.com
