EVENT;LINK;DATE
UFC Fight Night 38: Shogun vs. Henderson;/events/details/662;Mar. 23, 2014
UFC 171: Hendricks vs. Lawler;/events/details/653;Mar. 15, 2014
UFC Fight Night 37: Gustafsson vs. Manuwa;/events/details/649;Mar. 8, 2014
UFC - TUF China Finale;/events/details/655;Mar. 1, 2014
UFC 170: Rousey vs. McMann;/events/details/650;Feb. 22, 2014
UFC Fight Night 36: Machida vs. Mousasi;/events/details/647;Feb. 15, 2014
UFC 169: Barao vs. Faber 2;/events/details/646;Feb. 1, 2014
UFC on Fox 10;/events/details/652;Jan. 25, 2014
UFC Fight Night 35: Rockhold vs. Philippou;/events/details/651;Jan. 15, 2014
UFC Fight Night 34: Saffiedine vs. Lim;/events/details/648;Jan. 4, 2014
UFC 168: Weidman vs. Silva 2;/events/details/638;Dec. 28, 2013
UFC on Fox 9;/events/details/645;Dec. 14, 2013
UFC Fight Night 33: Hunt vs. Bigfoot;/events/details/644;Dec. 6, 2013
UFC - TUF 18 Finale;/events/details/643;Nov. 30, 2013
UFC 167: St-Pierre vs. Hendricks;/events/details/637;Nov. 16, 2013
UFC Fight Night 32: Belfort vs. Henderson;/events/details/642;Nov. 9, 2013
UFC Fight Night 31: Fight for the Troops 3;/events/details/640;Nov. 6, 2013
UFC Fight Night 30: Machida vs. Munoz;/events/details/639;Oct. 26, 2013
UFC 166: Velasquez vs. Dos Santos 3;/events/details/636;Oct. 19, 2013
UFC Fight Night 29: Maia vs. Shields;/events/details/641;Oct. 9, 2013
UFC 165: Jones vs. Gustafsson;/events/details/634;Sep. 21, 2013
UFC Fight Night 28: Teixeira vs. Bader;/events/details/635;Sep. 4, 2013
UFC 164: Henderson vs. Pettis 2;/events/details/631;Aug. 31, 2013
UFC Fight Night 27: Condit vs. Kampmann 2;/events/details/633;Aug. 28, 2013
UFC Fight Night 26: Shogun vs. Sonnen;/events/details/632;Aug. 17, 2013
UFC 163: Aldo vs. Jung;/events/details/630;Aug. 3, 2013
UFC on Fox 8;/events/details/629;Jul. 27, 2013
UFC 162: Silva vs. Weidman;/events/details/627;Jul. 6, 2013
UFC 161: Evans vs. Henderson;/events/details/626;Jun. 15, 2013
UFC on FUEL TV 10;/events/details/628;Jun. 8, 2013
UFC 160: Velasquez vs. Silva 2;/events/details/624;May. 25, 2013
UFC on FX 8;/events/details/625;May. 18, 2013
UFC 159: Jones vs. Sonnen;/events/details/620;Apr. 27, 2013
UFC on Fox 7;/events/details/621;Apr. 20, 2013
UFC - TUF 17 Finale;/events/details/623;Apr. 13, 2013
UFC on FUEL TV 9;/events/details/622;Apr. 6, 2013
UFC 158: St-Pierre vs. Diaz;/events/details/619;Mar. 16, 2013
UFC on FUEL TV 8;/events/details/618;Mar. 2, 2013
UFC 157: Rousey vs. Carmouche;/events/details/616;Feb. 23, 2013
UFC on FUEL TV 7;/events/details/615;Feb. 16, 2013
UFC 156: Aldo vs. Edgar;/events/details/613;Feb. 2, 2013
UFC on Fox 6;/events/details/612;Jan. 26, 2013
UFC on FX 7;/events/details/614;Jan. 19, 2013
Strikeforce - Marquardt vs. Saffiedine;/events/details/611;Jan. 12, 2013
DREAM 18;/events/details/617;Dec. 31, 2012
UFC 155: Dos Santos vs. Velasquez 2;/events/details/610;Dec. 29, 2012
UFC - TUF 16 Finale;/events/details/609;Dec. 15, 2012
UFC on FX 6;/events/details/602;Dec. 14, 2012
UFC on Fox 5;/events/details/608;Dec. 8, 2012
UFC 154: St-Pierre vs. Condit;/events/details/600;Nov. 17, 2012
UFC on FUEL TV 6;/events/details/607;Nov. 10, 2012
UFC 153: Silva vs. Bonnar;/events/details/604;Oct. 13, 2012
UFC on FX 5;/events/details/603;Oct. 5, 2012
UFC on FUEL TV 5;/events/details/598;Sep. 29, 2012
UFC 152: Jones vs. Belfort;/events/details/601;Sep. 22, 2012
Strikeforce - Rousey vs. Kaufman;/events/details/599;Aug. 18, 2012
UFC 150: Henderson vs. Edgar 2;/events/details/597;Aug. 11, 2012
UFC on Fox 4;/events/details/596;Aug. 4, 2012
Invicta FC 2: McMann vs. Baszler;/events/details/656;Jul. 28, 2012
UFC 149: Faber vs. Barao;/events/details/592;Jul. 21, 2012
Strikeforce - Rockhold vs. Kennedy;/events/details/595;Jul. 14, 2012
UFC on FUEL TV 4;/events/details/594;Jul. 11, 2012
UFC 148: Silva vs. Sonnen 2;/events/details/591;Jul. 7, 2012
UFC 147: Silva vs. Franklin 2;/events/details/593;Jun. 23, 2012
UFC on FX 4;/events/details/590;Jun. 22, 2012
M-1 Global - Fedor vs. Rizzo;/events/details/605;Jun. 21, 2012
UFC on FX 3;/events/details/588;Jun. 8, 2012
UFC - TUF 15 Finale;/events/details/589;Jun. 1, 2012
UFC 146: Dos Santos vs. Mir;/events/details/586;May. 26, 2012
Strikeforce - Barnett vs. Cormier;/events/details/587;May. 19, 2012
UFC on FUEL TV 3;/events/details/585;May. 15, 2012
UFC on Fox 3;/events/details/584;May. 5, 2012
UFC 145: Jones vs. Evans;/events/details/581;Apr. 21, 2012
UFC on FUEL TV 2;/events/details/579;Apr. 14, 2012
ONE FC 3: War of the Lions;/events/details/654;Mar. 31, 2012
Strikeforce - Tate vs. Rousey;/events/details/580;Mar. 3, 2012
UFC on FX 2;/events/details/577;Mar. 2, 2012
UFC 144: Edgar vs. Henderson;/events/details/572;Feb. 25, 2012
UFC on FUEL TV 1;/events/details/578;Feb. 15, 2012
UFC 143: Diaz vs. Condit;/events/details/575;Feb. 4, 2012
UFC on Fox 2;/events/details/574;Jan. 28, 2012
ProElite 3: Da Spyder vs. Minowaman;/events/details/657;Jan. 21, 2012
UFC on FX 1;/events/details/571;Jan. 20, 2012
UFC 142: Aldo vs. Mendes;/events/details/573;Jan. 14, 2012
Strikeforce - Rockhold vs. Jardine;/events/details/576;Jan. 7, 2012
DREAM - New Year! 2011;/events/details/569;Dec. 31, 2011
UFC 141: Lesnar vs. Overeem;/events/details/568;Dec. 30, 2011
Strikeforce - Melendez vs. Masvidal;/events/details/567;Dec. 17, 2011
UFC 140: Jones vs. Machida;/events/details/566;Dec. 10, 2011
UFC - TUF 14 Finale;/events/details/565;Dec. 3, 2011
M-1 Global - Fedor vs. Monson;/events/details/570;Nov. 20, 2011
UFC 139: Shogun vs. Henderson;/events/details/564;Nov. 19, 2011
Strikeforce Challengers 20;/events/details/563;Nov. 18, 2011
UFC on Fox 1;/events/details/561;Nov. 12, 2011
UFC 138: Leben vs. Munoz;/events/details/562;Nov. 5, 2011
UFC 137: Penn vs. Diaz;/events/details/560;Oct. 29, 2011
UFC 136: Edgar vs. Maynard 3;/events/details/555;Oct. 8, 2011
UFC on Versus 6;/events/details/558;Oct. 1, 2011
UFC 135: Jones vs. Rampage;/events/details/554;Sep. 24, 2011
DREAM 17;/events/details/557;Sep. 24, 2011
Strikeforce Challengers 19;/events/details/559;Sep. 23, 2011
UFC Fight Night 25;/events/details/553;Sep. 17, 2011
Strikeforce - Barnett vs. Kharitonov;/events/details/556;Sep. 10, 2011
UFC 134: Silva vs. Okami;/events/details/545;Aug. 27, 2011
ProElite 1: Arlovski vs. Lopez;/events/details/658;Aug. 27, 2011
UFC on Versus 5;/events/details/551;Aug. 14, 2011
Strikeforce Challengers 18;/events/details/552;Aug. 12, 2011
UFC 133: Evans vs. Ortiz 2;/events/details/547;Aug. 6, 2011
Strikeforce - Fedor vs. Henderson;/events/details/548;Jul. 30, 2011
Titan Fighting Championship 19;/events/details/659;Jul. 29, 2011
Strikeforce Challengers 17;/events/details/549;Jul. 22, 2011
DREAM - Japan GP Final;/events/details/550;Jul. 16, 2011
UFC 132: Cruz vs. Faber;/events/details/542;Jul. 2, 2011
UFC on Versus 4;/events/details/543;Jun. 26, 2011
Strikeforce Challengers 16;/events/details/546;Jun. 24, 2011
Strikeforce - Overeem vs. Werdum;/events/details/538;Jun. 18, 2011
UFC 131: Dos Santos vs. Carwin;/events/details/540;Jun. 11, 2011
UFC - TUF 13 Finale;/events/details/541;Jun. 4, 2011
DREAM - Fight for Japan;/events/details/544;May. 29, 2011
UFC 130: Rampage vs. Hamill;/events/details/536;May. 28, 2011
UFC 129: St-Pierre vs. Shields;/events/details/534;Apr. 30, 2011
Strikeforce - Diaz vs. Daley;/events/details/537;Apr. 9, 2011
Strikeforce Challengers 15;/events/details/539;Apr. 1, 2011
UFC Fight Night 24;/events/details/533;Mar. 26, 2011
UFC 128: Shogun vs. Jones;/events/details/528;Mar. 19, 2011
Strikeforce - Feijao vs. Henderson;/events/details/535;Mar. 5, 2011
UFC on Versus 3;/events/details/530;Mar. 3, 2011
UFC 127: Penn vs. Fitch;/events/details/526;Feb. 26, 2011
Strikeforce Challengers 14;/events/details/531;Feb. 18, 2011
Strikeforce - Fedor vs. Silva;/events/details/529;Feb. 12, 2011
UFC 126: Silva vs. Belfort;/events/details/525;Feb. 5, 2011
Strikeforce - Diaz vs. Cyborg;/events/details/527;Jan. 29, 2011
UFC Fight Night 23 - Fight for the Troops 2;/events/details/522;Jan. 22, 2011
Strikeforce Challengers 13;/events/details/524;Jan. 7, 2011
UFC 125: Resolution;/events/details/518;Jan. 1, 2011
Dynamite!! 2010;/events/details/523;Dec. 31, 2010
WEC 53: Henderson vs. Pettis;/events/details/503;Dec. 16, 2010
UFC 124: St. Pierre vs. Koscheck 2;/events/details/517;Dec. 11, 2010
UFC - TUF 12 Finale;/events/details/507;Dec. 4, 2010
Strikeforce - Henderson vs. Babalu;/events/details/504;Dec. 4, 2010
UFC 123: Rampage vs. Machida;/events/details/498;Nov. 20, 2010
Strikeforce Challengers 12;/events/details/508;Nov. 19, 2010
UFC 122: Marquardt vs. Okami;/events/details/497;Nov. 13, 2010
WEC 52: Faber vs. Mizugaki;/events/details/502;Nov. 11, 2010
DEEP 50 - Impact;/events/details/606;Oct. 24, 2010
UFC 121: Lesnar vs. Velasquez;/events/details/494;Oct. 23, 2010
Strikeforce Challengers 11;/events/details/496;Oct. 22, 2010
UFC 120: Bisping vs. Akiyama;/events/details/485;Oct. 16, 2010
Strikeforce - Diaz vs. Noons 2;/events/details/495;Oct. 9, 2010
WEC 51: Aldo vs. Gamburyan;/events/details/487;Sep. 30, 2010
UFC 119: Mir vs. Cro Cop;/events/details/484;Sep. 25, 2010
DREAM 16;/events/details/486;Sep. 25, 2010
UFC Fight Night 22;/events/details/479;Sep. 15, 2010
UFC 118: Edgar vs. Penn 2;/events/details/466;Aug. 28, 2010
Strikeforce - Houston;/events/details/477;Aug. 21, 2010
WEC 50: Cruz vs. Benavidez;/events/details/465;Aug. 18, 2010
Strikeforce Challengers 10;/events/details/478;Aug. 13, 2010
UFC 117: Silva vs. Sonnen;/events/details/463;Aug. 7, 2010
UFC on Versus 2;/events/details/462;Aug. 1, 2010
Strikeforce Challengers 9;/events/details/464;Jul. 23, 2010
DREAM 15;/events/details/461;Jul. 10, 2010
Impact FC 1;/events/details/492;Jul. 10, 2010
UFC 116: Lesnar vs. Carwin;/events/details/457;Jul. 3, 2010
Strikeforce - Fedor vs. Werdum;/events/details/459;Jun. 26, 2010
WEC 49: Varner vs. Shalorus;/events/details/451;Jun. 20, 2010
UFC - TUF 11 Finale;/events/details/455;Jun. 19, 2010
Strikeforce - Los Angeles;/events/details/456;Jun. 16, 2010
UFC 115: Liddell vs. Franklin;/events/details/449;Jun. 12, 2010
UFC 114: Jackson vs. Evans;/events/details/446;May. 29, 2010
DREAM 14;/events/details/450;May. 29, 2010
Strikeforce Challengers 8;/events/details/452;May. 21, 2010
Strikeforce - Heavy Artillery;/events/details/447;May. 15, 2010
UFC 113: Machida vs. Shogun 2;/events/details/445;May. 8, 2010
WEC 48: Aldo vs. Faber;/events/details/441;Apr. 24, 2010
Strikeforce - Nashville;/events/details/448;Apr. 17, 2010
UFC 112: Invincible;/events/details/437;Apr. 10, 2010
UFC Fight Night 21;/events/details/440;Mar. 31, 2010
UFC 111: St. Pierre vs. Hardy;/events/details/435;Mar. 27, 2010
Strikeforce Challengers 7;/events/details/444;Mar. 26, 2010
DREAM 13;/events/details/442;Mar. 22, 2010
UFC on Versus 1;/events/details/436;Mar. 21, 2010
WEC 47: Bowles vs. Cruz;/events/details/434;Mar. 6, 2010
Strikeforce Challengers 6;/events/details/443;Feb. 26, 2010
UFC 110: Nogueira vs. Velasquez;/events/details/427;Feb. 20, 2010
UFC 109: Relentless;/events/details/426;Feb. 6, 2010
Strikeforce - Miami;/events/details/431;Jan. 30, 2010
UFC Fight Night 20;/events/details/425;Jan. 11, 2010
WEC 46: Varner vs. Henderson;/events/details/433;Jan. 10, 2010
UFC 108: Evans vs. Silva;/events/details/424;Jan. 2, 2010
Dynamite!! 2009;/events/details/428;Dec. 31, 2009
Strikeforce - Evolution;/events/details/430;Dec. 19, 2009
WEC 45: Cerrone vs. Ratcliff;/events/details/432;Dec. 19, 2009
UFC 107: Penn vs. Sanchez;/events/details/422;Dec. 12, 2009
UFC - TUF 10 Finale;/events/details/413;Dec. 5, 2009
UFC 106: Ortiz vs. Griffin 2;/events/details/412;Nov. 21, 2009
Strikeforce Challengers 5;/events/details/429;Nov. 20, 2009
WEC 44: Brown vs. Aldo;/events/details/423;Nov. 18, 2009
UFC 105: Couture vs. Vera;/events/details/411;Nov. 14, 2009
Strikeforce - Fedor vs. Rogers;/events/details/410;Nov. 7, 2009
Strikeforce Challengers 4;/events/details/409;Nov. 6, 2009
DREAM 12;/events/details/415;Oct. 25, 2009
UFC 104: Machida vs. Shogun;/events/details/316;Oct. 24, 2009
Ultimate Glory 11: A Decade of Fights;/events/details/467;Oct. 17, 2009
WEC 43: Cerrone vs. Henderson;/events/details/313;Oct. 10, 2009
DREAM 11: Featherweight Grand Prix 2009 Final Round;/events/details/414;Oct. 6, 2009
Strikeforce Challengers 3;/events/details/408;Sep. 25, 2009
UFC 103: Franklin vs. Belfort;/events/details/315;Sep. 19, 2009
UFC Fight Night 19;/events/details/314;Sep. 16, 2009
UFC 102: Couture vs. Nogueira;/events/details/297;Aug. 29, 2009
M-1 Global - Breakthrough;/events/details/480;Aug. 28, 2009
Strikeforce - Carano vs. Cyborg;/events/details/407;Aug. 15, 2009
WEC 42: Torres vs. Bowles;/events/details/312;Aug. 9, 2009
UFC 101: Declaration;/events/details/296;Aug. 8, 2009
DREAM 10: Welterweight Grand Prix 2009 Final Round;/events/details/307;Jul. 20, 2009
UFC 100;/events/details/295;Jul. 11, 2009
UFC - TUF 9 Finale;/events/details/294;Jun. 20, 2009
Strikeforce Challengers 2;/events/details/406;Jun. 19, 2009
UFC 99: The Comeback;/events/details/293;Jun. 13, 2009
WEC 41: Brown vs. Faber 2;/events/details/311;Jun. 7, 2009
Strikeforce - Lawler vs. Shields;/events/details/405;Jun. 6, 2009
DREAM 9: Featherweight Grand Prix 2009 2nd Round;/events/details/306;May. 26, 2009
UFC 98: Evans vs. Machida;/events/details/292;May. 23, 2009
Strikeforce Challengers 1;/events/details/404;May. 15, 2009
Jungle Fight 13;/events/details/458;May. 9, 2009
WFC 8: D-Day;/events/details/453;Apr. 18, 2009
UFC 97: Redemption;/events/details/267;Apr. 18, 2009
Strikeforce - Shamrock vs. Diaz;/events/details/403;Apr. 11, 2009
DREAM 8: Welterweight Grand Prix 2009 1st Round;/events/details/305;Apr. 5, 2009
WEC 40: Torres vs. Mizugaki;/events/details/310;Apr. 5, 2009
UFC Fight Night 18;/events/details/291;Apr. 1, 2009
Ultimate Gladiators;/events/details/454;Mar. 29, 2009
Sengoku - Seventh Battle;/events/details/481;Mar. 20, 2009
DREAM 7: Featherweight Grand Prix 2009 1st Round;/events/details/304;Mar. 8, 2009
UFC 96: Jackson vs. Jardine;/events/details/266;Mar. 7, 2009
WEC 39: Brown vs. Garcia;/events/details/309;Mar. 1, 2009
UFC 95: Sanchez vs. Stevenson;/events/details/265;Feb. 21, 2009
UFC Fight Night 17;/events/details/290;Feb. 7, 2009
UFC 94: St. Pierre vs. Penn 2;/events/details/264;Jan. 31, 2009
WEC 38: Varner vs. Cerrone;/events/details/191;Jan. 25, 2009
Affliction - Day of Reckoning;/events/details/262;Jan. 24, 2009
UFC 93: Franklin vs. Henderson;/events/details/263;Jan. 17, 2009
Sengoku - no Ran 2009;/events/details/482;Jan. 4, 2009
Dynamite!! 2008;/events/details/308;Dec. 31, 2008
UFC 92: The Ultimate 2008;/events/details/1;Dec. 27, 2008
UFC - TUF 8 Finale;/events/details/2;Dec. 13, 2008
Adrenaline MMA 2: Miletich vs. Denny;/events/details/420;Dec. 11, 2008
UFC Fight Night 16 - Fight for the Troops;/events/details/3;Dec. 10, 2008
WEC 37: Torres vs. Tapia;/events/details/192;Dec. 3, 2008
Strikeforce - Destruction;/events/details/245;Nov. 21, 2008
UFC 91: Couture vs. Lesnar;/events/details/4;Nov. 15, 2008
Ultimate Glory 10: The Battle of Arnhem;/events/details/468;Nov. 9, 2008
WEC 36: Faber vs. Brown;/events/details/193;Nov. 5, 2008
Sengoku - Sixth Battle;/events/details/460;Nov. 1, 2008
UFC 90: Silva vs. Cote;/events/details/5;Oct. 25, 2008
UFC 89: Bisping vs. Leben;/events/details/6;Oct. 18, 2008
EliteXC - Heat;/events/details/229;Oct. 4, 2008
Strikeforce - Payback;/events/details/246;Oct. 3, 2008
Sengoku - Fifth Battle;/events/details/483;Sep. 28, 2008
DREAM 6: Middleweight Grand Prix 2008 Final Round;/events/details/303;Sep. 23, 2008
Strikeforce - At the Mansion 2;/events/details/247;Sep. 20, 2008
UFC Fight Night 15;/events/details/7;Sep. 17, 2008
Strikeforce - Young Guns 3;/events/details/248;Sep. 13, 2008
UFC 88: Breakthrough;/events/details/8;Sep. 6, 2008
UFC 87: Seek And Destroy;/events/details/9;Aug. 9, 2008
WEC 35: Condit vs. Miura;/events/details/194;Aug. 3, 2008
EliteXC - Unfinished Business;/events/details/232;Jul. 26, 2008
DREAM 5: Lightweight Grand Prix 2008 Final Round;/events/details/302;Jul. 21, 2008
Affliction - Banned;/events/details/261;Jul. 19, 2008
UFC Fight Night 14;/events/details/10;Jul. 19, 2008
UFC 86: Jackson vs. Griffin;/events/details/11;Jul. 5, 2008
Strikeforce - Melendez vs. Thomson;/events/details/249;Jun. 27, 2008
UFC - TUF 7 Finale;/events/details/12;Jun. 21, 2008
DREAM 4: Middleweight Grand Prix 2008 2nd Round;/events/details/301;Jun. 15, 2008
EliteXC - Return of the King;/events/details/233;Jun. 14, 2008
UFC 85: Bedlam;/events/details/13;Jun. 7, 2008
WEC 34: Faber vs. Pulver;/events/details/195;Jun. 1, 2008
EliteXC - Primetime;/events/details/234;May. 31, 2008
UFC 84: Ill Will;/events/details/14;May. 24, 2008
Sengoku - Second Battle;/events/details/491;May. 18, 2008
IFL - Connecticut 2008;/events/details/268;May. 16, 2008
DREAM 3: Lightweight Grand Prix 2008 2nd Round;/events/details/300;May. 11, 2008
DREAM 2: Middleweight Grand Prix 2008 1st Round;/events/details/299;Apr. 29, 2008
UFC 83: Serra vs. St-Pierre 2;/events/details/15;Apr. 19, 2008
UFC Fight Night 13;/events/details/16;Apr. 2, 2008
Strikeforce - Shamrock vs. Le;/events/details/250;Mar. 29, 2008
WEC 33: Marshall vs. Stann;/events/details/196;Mar. 26, 2008
DREAM 1: Lightweight Grand Prix 2008 1st Round;/events/details/298;Mar. 15, 2008
Sengoku - First Battle;/events/details/490;Mar. 5, 2008
M-1 - Slamm;/events/details/387;Mar. 2, 2008
UFC 82: Pride of a Champion;/events/details/17;Mar. 1, 2008
Strikeforce - At the Dome;/events/details/251;Feb. 23, 2008
EliteXC - Street Certified;/events/details/237;Feb. 16, 2008
WEC 32: Condit vs. Prater;/events/details/197;Feb. 13, 2008
UFC 81: Breaking Point;/events/details/18;Feb. 2, 2008
Strikeforce - Young Guns 2;/events/details/252;Feb. 1, 2008
HCF - Destiny;/events/details/385;Feb. 1, 2008
EliteXC - ShoXC 4;/events/details/238;Jan. 25, 2008
UFC Fight Night 12;/events/details/19;Jan. 23, 2008
UFC 80: Rapid Fire;/events/details/20;Jan. 19, 2008
Yarrenoka! - New Year's Eve 2007;/events/details/389;Dec. 31, 2007
K-1 Dynamite!! 2007;/events/details/519;Dec. 31, 2007
UFC 79: Nemesis;/events/details/21;Dec. 29, 2007
WEC 31: Faber vs. Curran;/events/details/198;Dec. 12, 2007
UFC - TUF 6 Finale;/events/details/22;Dec. 8, 2007
Fury FC 5: Final Conflict;/events/details/376;Dec. 6, 2007
UFC 78: Validation;/events/details/23;Nov. 17, 2007
Strikeforce - Four Men Enter, One Man Survives;/events/details/253;Nov. 16, 2007
EliteXC - Renegade;/events/details/239;Nov. 10, 2007
IFL - World Grand Prix Semifinals;/events/details/272;Nov. 3, 2007
K-1 Hero's Korea 2007;/events/details/505;Oct. 28, 2007
UFC 77: Hostile Territory;/events/details/24;Oct. 20, 2007
HCF - Title Wave;/events/details/386;Oct. 19, 2007
Strikeforce - Playboy Mansion;/events/details/254;Sep. 29, 2007
Cage Rage 23: Unbelievable;/events/details/418;Sep. 22, 2007
UFC 76: Knockout;/events/details/25;Sep. 22, 2007
IFL - 2007 Team Championship Final;/events/details/273;Sep. 20, 2007
UFC Fight Night 11;/events/details/26;Sep. 19, 2007
K-1 Hero's 10;/events/details/469;Sep. 17, 2007
EliteXC - Uprising;/events/details/241;Sep. 15, 2007
UFC 75: Champion vs. Champion;/events/details/27;Sep. 8, 2007
WEC 30: McCullough vs. Crunkilton;/events/details/199;Sep. 5, 2007
UFC 74: Respect;/events/details/28;Aug. 25, 2007
WEC 29: Condit vs. Larson;/events/details/200;Aug. 5, 2007
Fury FC 4: High Voltage;/events/details/375;Aug. 4, 2007
IFL - 2007 Semifinals;/events/details/274;Aug. 2, 2007
EliteXC - ShoXC 1;/events/details/243;Jul. 27, 2007
UFC 73: Stacked;/events/details/29;Jul. 7, 2007
K-1 - World GP 2007 in Amsterdam;/events/details/470;Jun. 23, 2007
UFC - TUF 5 Finale;/events/details/30;Jun. 23, 2007
Strikeforce - Shamrock vs. Baroni;/events/details/255;Jun. 22, 2007
UFC 72: Victory;/events/details/31;Jun. 16, 2007
UFC Fight Night 10;/events/details/32;Jun. 12, 2007
WEC 28: Faber vs. Farrar;/events/details/201;Jun. 3, 2007
K-1 Dynamite!! USA;/events/details/318;Jun. 2, 2007
TKO 29;/events/details/334;Jun. 1, 2007
UFC 71: Liddell vs. Jackson;/events/details/33;May. 26, 2007
WEC 27: Marshall vs. McElfresh;/events/details/202;May. 12, 2007
UFC 70: Nations Collide;/events/details/34;Apr. 21, 2007
Cage Rage 21: Judgement Day;/events/details/419;Apr. 21, 2007
BodogFight - Clash of Nations;/events/details/366;Apr. 14, 2007
PRIDE 34: Kamikaze;/events/details/123;Apr. 8, 2007
IFL - Moline;/events/details/279;Apr. 7, 2007
UFC 69: Shootout;/events/details/35;Apr. 7, 2007
UFC Fight Night 9;/events/details/36;Apr. 5, 2007
WEC 26: Condit vs. Alessio;/events/details/203;Mar. 24, 2007
K-1 Hero's 8;/events/details/520;Mar. 12, 2007
Floripa Fight 4;/events/details/381;Mar. 10, 2007
UFC 68: The Uprising;/events/details/37;Mar. 3, 2007
Pancrase - Rising 2;/events/details/340;Feb. 28, 2007
PRIDE 33: The Second Coming;/events/details/124;Feb. 24, 2007
BodogFight - Costa Rica 2/18;/events/details/488;Feb. 18, 2007
Shooto - Back to Our Roots 1;/events/details/341;Feb. 17, 2007
EliteXC - Destiny;/events/details/244;Feb. 10, 2007
Strikeforce - Young Guns;/events/details/256;Feb. 10, 2007
UFC 67: All or Nothing;/events/details/38;Feb. 3, 2007
UFC Fight Night 8;/events/details/39;Jan. 25, 2007
WEC 25: McCullough vs. Cope;/events/details/204;Jan. 20, 2007
PRIDE Shockwave 2006;/events/details/125;Dec. 31, 2006
K-1 Dynamite!! 2006;/events/details/506;Dec. 31, 2006
UFC 66: Liddell vs. Ortiz 2;/events/details/40;Dec. 30, 2006
IFL - Championship Final;/events/details/284;Dec. 29, 2006
BodogFight - St. Petersburg;/events/details/421;Dec. 16, 2006
UFC Fight Night 7;/events/details/41;Dec. 13, 2006
Strikeforce - Triple Threat;/events/details/257;Dec. 8, 2006
Fury FC 2;/events/details/374;Nov. 30, 2006
Storm Samurai 12;/events/details/382;Nov. 25, 2006
UFC 65: Bad Intentions;/events/details/42;Nov. 18, 2006
2H2H - Pride & Honor;/events/details/472;Nov. 12, 2006
UFC - TUF 4 Finale;/events/details/43;Nov. 11, 2006
Show Fight 5;/events/details/378;Nov. 9, 2006
PRIDE Bushido 13;/events/details/126;Nov. 5, 2006
PRIDE 32: The Real Deal;/events/details/127;Oct. 21, 2006
Shooto - Champion Carnival;/events/details/342;Oct. 14, 2006
UFC 64: Unstoppable;/events/details/44;Oct. 14, 2006
WEC 24: Full Force;/events/details/205;Oct. 12, 2006
UFC Fight Night - The Final Chapter;/events/details/45;Oct. 10, 2006
K-1 Hero's 7;/events/details/509;Oct. 9, 2006
Strikeforce - Tank vs. Buentello;/events/details/258;Oct. 7, 2006
Fury FC 1;/events/details/373;Sep. 27, 2006
IFL - Gracie vs. Miletich;/events/details/286;Sep. 23, 2006
UFC 63: Hughes vs. Penn;/events/details/46;Sep. 23, 2006
WPFC 1;/events/details/438;Sep. 15, 2006
PRIDE Final Conflict Absolute;/events/details/128;Sep. 10, 2006
PRIDE Bushido 12;/events/details/129;Aug. 27, 2006
UFC 62: Liddell vs. Sobral;/events/details/47;Aug. 26, 2006
UFC Fight Night 6;/events/details/48;Aug. 17, 2006
WEC 23: Hot August Fights;/events/details/206;Aug. 17, 2006
K-1 Hero's 6;/events/details/510;Aug. 5, 2006
WEC 22: The Hitmen;/events/details/207;Jul. 28, 2006
WFA - King of the Streets;/events/details/360;Jul. 22, 2006
UFC 61: Bitter Rivals;/events/details/49;Jul. 8, 2006
PRIDE Critical Countdown Absolute;/events/details/130;Jul. 1, 2006
UFC Fight Night 5;/events/details/50;Jun. 28, 2006
UFC - TUF 3 Finale;/events/details/51;Jun. 24, 2006
WEC 21: Tapout;/events/details/208;Jun. 15, 2006
WEF 6/10;/events/details/439;Jun. 10, 2006
Strikeforce - Revenge;/events/details/259;Jun. 9, 2006
PRIDE Bushido 11;/events/details/131;Jun. 4, 2006
UFC 60: Hughes vs. Gracie;/events/details/52;May. 27, 2006
PRIDE Total Elimination Absolute;/events/details/132;May. 5, 2006
WEC 20: Cinco de Mayhem;/events/details/209;May. 5, 2006
K-1 Hero's 5;/events/details/511;May. 3, 2006
Jungle Fight 6;/events/details/369;Apr. 29, 2006
IFL - Legends Championship 2006;/events/details/289;Apr. 29, 2006
Cage Rage 16: Critical Condition;/events/details/337;Apr. 22, 2006
ROTR 9;/events/details/489;Apr. 21, 2006
UFC 59: Reality Check;/events/details/53;Apr. 15, 2006
UFC Fight Night 4;/events/details/54;Apr. 6, 2006
PRIDE Bushido 10;/events/details/133;Apr. 2, 2006
WCFC - No Guts, No Glory;/events/details/471;Mar. 18, 2006
WEC 19: Undisputed;/events/details/210;Mar. 17, 2006
K-1 Hero's 4;/events/details/512;Mar. 15, 2006
Strikeforce - Shamrock vs. Gracie;/events/details/260;Mar. 10, 2006
UFC 58: USA vs. Canada;/events/details/55;Mar. 4, 2006
PRIDE 31: Unbreakable;/events/details/134;Feb. 26, 2006
UFC 57: Liddell vs. Couture 3;/events/details/56;Feb. 4, 2006
ROTR 8;/events/details/363;Jan. 20, 2006
UFC Fight Night 3;/events/details/57;Jan. 16, 2006
WEC 18: Unfinished Business;/events/details/211;Jan. 13, 2006
PRIDE Shockwave 2005;/events/details/135;Dec. 31, 2005
Cage Rage 14: Punishment;/events/details/336;Dec. 3, 2005
Shooto Brazil 9;/events/details/384;Dec. 3, 2005
DEEP 22;/events/details/391;Dec. 2, 2005
CWFC - Strike Force 4;/events/details/402;Nov. 26, 2005
UFC 56: Full Force;/events/details/58;Nov. 19, 2005
Shooto 2005 11/6;/events/details/344;Nov. 6, 2005
UFC - TUF 2 Finale;/events/details/59;Nov. 5, 2005
K-1 Hero's Seoul;/events/details/513;Nov. 5, 2005
PRIDE 30: Fully Loaded;/events/details/136;Oct. 23, 2005
WEC 17: Halloween Fury 4;/events/details/212;Oct. 14, 2005
K-1 World MAX 2005 Champions Challenge;/events/details/514;Oct. 12, 2005
Bushido Europe - Rotterdam Rumble;/events/details/388;Oct. 9, 2005
UFC 55: Fury;/events/details/60;Oct. 7, 2005
UFC Fight Night 2;/events/details/61;Oct. 3, 2005
CWFC - Strike Force 3;/events/details/401;Oct. 1, 2005
PRIDE Bushido 9: The Tournament;/events/details/137;Sep. 25, 2005
Predator FC 1;/events/details/377;Sep. 10, 2005
PRIDE Final Conflict 2005;/events/details/138;Aug. 28, 2005
UFC 54: Boiling Point;/events/details/62;Aug. 20, 2005
WEC 16: Clash of the Titans 2;/events/details/213;Aug. 18, 2005
UFC Fight Night 1;/events/details/63;Aug. 6, 2005
PRIDE Bushido 8;/events/details/139;Jul. 17, 2005
CWFC - Strike Force 2;/events/details/400;Jul. 16, 2005
Freedom Fight - Canada vs. USA;/events/details/399;Jul. 9, 2005
K-1 World Grand Prix Hawaii;/events/details/321;Jul. 9, 2005
K-1 Hero's 2;/events/details/515;Jul. 6, 2005
PRIDE Critical Countdown 2005;/events/details/140;Jun. 26, 2005
UFC 53: Heavy Hitters;/events/details/64;Jun. 4, 2005
PRIDE Bushido 7;/events/details/141;May. 22, 2005
WEC 15: Judgment Day;/events/details/214;May. 19, 2005
Cage Rage 11: Face Off;/events/details/335;Apr. 30, 2005
PRIDE Total Elimination 2005;/events/details/142;Apr. 23, 2005
UFC 52: Couture vs Liddell 2;/events/details/65;Apr. 16, 2005
UFC - TUF Finale;/events/details/66;Apr. 9, 2005
PRIDE Bushido 6;/events/details/143;Apr. 3, 2005
K-1 Hero's 1;/events/details/319;Mar. 26, 2005
PRIDE 29: Fists Of Fire;/events/details/144;Feb. 20, 2005
UFC 51: Super Saturday;/events/details/67;Feb. 5, 2005
Shooto 2005 1/29;/events/details/343;Jan. 29, 2005
TKO 19;/events/details/333;Jan. 29, 2005
WEC 13: Heavyweight Explosion;/events/details/216;Jan. 22, 2005
K-1 Dynamite!! 2004;/events/details/516;Dec. 31, 2004
PRIDE Shockwave 2004;/events/details/145;Dec. 31, 2004
SuperBrawl 38;/events/details/365;Dec. 12, 2004
ROTR 6;/events/details/362;Nov. 20, 2004
PRIDE 28: High Octane;/events/details/146;Oct. 31, 2004
DEEP 16;/events/details/390;Oct. 30, 2004
UFC 50: The War Of '04;/events/details/68;Oct. 22, 2004
WEC 12: Halloween Fury 3;/events/details/217;Oct. 21, 2004
PRIDE Bushido 5;/events/details/147;Oct. 14, 2004
Cage Rage 8: Knights of the Octagon;/events/details/339;Sep. 11, 2004
UFC 49: Unfinished Business;/events/details/69;Aug. 21, 2004
WEC 11: Evolution;/events/details/218;Aug. 20, 2004
PRIDE Final Conflict 2004;/events/details/148;Aug. 15, 2004
PRIDE Bushido 4;/events/details/149;Jul. 19, 2004
AFC 1;/events/details/493;Jul. 14, 2004
Gladiator FC - Day 2;/events/details/380;Jun. 27, 2004
PRIDE Critical Countdown 2004;/events/details/150;Jun. 20, 2004
UFC 48: Payback;/events/details/70;Jun. 19, 2004
KOTC 36: Unfinished Business;/events/details/330;Jun. 12, 2004
GC 27;/events/details/394;Jun. 3, 2004
GC 26;/events/details/393;Jun. 2, 2004
PRIDE Bushido 3;/events/details/151;May. 23, 2004
K-1 ROMANEX;/events/details/320;May. 22, 2004
TKO 16;/events/details/332;May. 22, 2004
WEC 10: Bragging Rights;/events/details/219;May. 21, 2004
Jungle Fight 2;/events/details/473;May. 15, 2004
FFC 9;/events/details/392;May. 14, 2004
PRIDE Total Elimination 2004;/events/details/152;Apr. 25, 2004
SuperBrawl 35;/events/details/364;Apr. 16, 2004
UFC 47: It's On!;/events/details/71;Apr. 2, 2004
K-1 Beast 2004;/events/details/317;Mar. 14, 2004
Mass Destruction 15;/events/details/398;Feb. 21, 2004
KOTC 33: After Shock;/events/details/329;Feb. 20, 2004
PRIDE Bushido 2;/events/details/153;Feb. 15, 2004
PRIDE 27: Inferno;/events/details/154;Feb. 1, 2004
UFC 46: Supernatural;/events/details/72;Jan. 31, 2004
WEC 9: Cold Blooded;/events/details/220;Jan. 16, 2004
Inoki Bom-Ba-Ye 2003;/events/details/367;Dec. 31, 2003
PRIDE Shockwave 2003;/events/details/155;Dec. 31, 2003
Heat FC 2;/events/details/397;Dec. 18, 2003
TKO 14;/events/details/331;Nov. 29, 2003
UFC 45: Revolution;/events/details/73;Nov. 21, 2003
PRIDE Final Conflict 2003;/events/details/156;Nov. 9, 2003
WEC 8: Halloween Fury 2;/events/details/221;Oct. 17, 2003
ROTR 4;/events/details/361;Oct. 10, 2003
PRIDE Bushido 1;/events/details/157;Oct. 5, 2003
UFC 44: Undisputed;/events/details/74;Sep. 26, 2003
Jungle Fight 1;/events/details/368;Sep. 13, 2003
IFC - Global Domination;/events/details/371;Sep. 6, 2003
PRIDE Total Elimination 2003;/events/details/158;Aug. 10, 2003
Meca 9;/events/details/359;Aug. 1, 2003
KOTC 24: Mayhem;/events/details/328;Jun. 14, 2003
PRIDE 26: Bad to the Bone;/events/details/159;Jun. 8, 2003
UFC 43: Meltdown;/events/details/75;Jun. 6, 2003
KOTC 23: Sin City;/events/details/327;May. 16, 2003
Meca 8;/events/details/358;May. 16, 2003
NJPW - Ultimate Crush;/events/details/476;May. 2, 2003
UFC 42: Sudden Impact;/events/details/76;Apr. 25, 2003
WEC 6: Return of a Legend;/events/details/223;Mar. 27, 2003
WAFF 2;/events/details/475;Mar. 22, 2003
PRIDE 25: Body Blow;/events/details/160;Mar. 16, 2003
UFC 41: Onslaught;/events/details/77;Feb. 28, 2003
UCC 12;/events/details/349;Jan. 25, 2003
Inoki Bom-Ba-Ye 2002;/events/details/501;Dec. 31, 2002
PRIDE 24: Cold Fury 3;/events/details/161;Dec. 23, 2002
KOTC 20: Crossroads;/events/details/326;Dec. 15, 2002
PRIDE 23: Championship Chaos 2;/events/details/162;Nov. 24, 2002
WFA 3;/events/details/583;Nov. 23, 2002
UFC 40: Vendetta;/events/details/78;Nov. 22, 2002
Meca 7;/events/details/357;Nov. 8, 2002
KOTC 17: San Jacinto;/events/details/325;Oct. 19, 2002
WEC 5: Halloween Fury;/events/details/224;Oct. 18, 2002
UCC 11;/events/details/348;Oct. 11, 2002
PRIDE 22: Beasts from the East 2;/events/details/164;Sep. 29, 2002
UFC 39: The Warriors Return;/events/details/79;Sep. 27, 2002
UCC Hawaii;/events/details/351;Sep. 17, 2002
WEC 4: Rumble Under the Sun;/events/details/225;Aug. 31, 2002
PRIDE Shockwave 2002;/events/details/165;Aug. 28, 2002
UFO - Legend;/events/details/379;Aug. 8, 2002
PRIDE The Best Vol.2;/events/details/166;Jul. 20, 2002
UFC 38: Brawl at the Hall;/events/details/80;Jul. 13, 2002
WFA 2;/events/details/582;Jul. 5, 2002
PRIDE 21: Demolition;/events/details/167;Jun. 23, 2002
UFC 37.5: As Real As It Gets;/events/details/81;Jun. 22, 2002
KOTC 15: Bad Intentions;/events/details/324;Jun. 22, 2002
KOTC 14;/events/details/323;Jun. 19, 2002
UCC 10;/events/details/347;Jun. 15, 2002
WEC 3: All or Nothing;/events/details/226;Jun. 7, 2002
UFC 37: High Impact;/events/details/82;May. 10, 2002
PRIDE 20: Armed and Ready;/events/details/168;Apr. 28, 2002
UFC 36: Worlds Collide;/events/details/83;Mar. 22, 2002
PRIDE 19: Bad Blood;/events/details/169;Feb. 24, 2002
Meca 6;/events/details/356;Jan. 31, 2002
UCC 7;/events/details/350;Jan. 25, 2002
UFC 35: Throwdown;/events/details/84;Jan. 11, 2002
Inoki Bom-Ba-Ye 2001;/events/details/499;Dec. 31, 2001
PRIDE 18: Cold Fury 2;/events/details/171;Dec. 23, 2001
PRIDE 17: Championship Chaos;/events/details/172;Nov. 3, 2001
WFA 1;/events/details/417;Nov. 3, 2001
UFC 34: High Voltage;/events/details/85;Nov. 2, 2001
UFC 33: Victory in Vegas;/events/details/86;Sep. 28, 2001
PRIDE 16: Beasts from the East;/events/details/173;Sep. 24, 2001
Shooto - To the Top 7;/events/details/346;Aug. 26, 2001
GC 5;/events/details/395;Aug. 19, 2001
K-1 2001 Japan GP Final;/events/details/500;Aug. 19, 2001
PRIDE 15: Raging Rumble;/events/details/174;Jul. 29, 2001
WEC 1: Princes of Pain;/events/details/228;Jun. 30, 2001
UFC 32: Showdown in the Meadowlands;/events/details/87;Jun. 29, 2001
Meca 5;/events/details/355;Jun. 9, 2001
PRIDE 14: Clash of the Titans;/events/details/175;May. 27, 2001
UFC 31: Locked and Loaded;/events/details/88;May. 4, 2001
PRIDE 13: Collision Course;/events/details/176;Mar. 25, 2001
Shooto - To the Top 2;/events/details/345;Mar. 2, 2001
UFC 30: Battle on the Boardwalk;/events/details/89;Feb. 23, 2001
IFC - Warriors Challenge 11;/events/details/372;Jan. 13, 2001
UFC 29: Defense of the Belts;/events/details/90;Dec. 16, 2000
Meca 4;/events/details/354;Dec. 16, 2000
PRIDE 12: Cold Fury;/events/details/177;Dec. 9, 2000
UFC 28: High Stakes;/events/details/91;Nov. 17, 2000
PRIDE 11: Battle of the Rising Sun;/events/details/178;Oct. 31, 2000
UFC 27: Ultimate Bad Boyz;/events/details/92;Sep. 22, 2000
PRIDE 10: Return of the Warriors;/events/details/179;Aug. 27, 2000
Meca 2;/events/details/353;Aug. 12, 2000
EC 35;/events/details/370;Jun. 29, 2000
UFC 26: Ultimate Field Of Dreams;/events/details/93;Jun. 9, 2000
PRIDE 9: New Blood;/events/details/180;Jun. 4, 2000
Meca 1;/events/details/352;May. 27, 2000
PRIDE Grand Prix 2000 Finals;/events/details/181;May. 1, 2000
UFC 25: Ultimate Japan 3;/events/details/94;Apr. 14, 2000
UFC 24: First Defense;/events/details/95;Mar. 10, 2000
PRIDE Grand Prix 2000 Opening Round;/events/details/182;Jan. 30, 2000
PRIDE 8;/events/details/183;Nov. 21, 1999
UFC 23: Ultimate Japan 2;/events/details/96;Nov. 19, 1999
KOTC 1;/events/details/322;Oct. 30, 1999
UFC 22: Only One Can be Champion;/events/details/97;Sep. 24, 1999
PRIDE 7;/events/details/184;Sep. 12, 1999
UFC 21: Return of the Champions;/events/details/98;Jul. 16, 1999
PRIDE 6;/events/details/185;Jul. 4, 1999
BRI 3;/events/details/383;Jun. 1, 1999
UFC 20: Battle for the Gold;/events/details/99;May. 7, 1999
PRIDE 5;/events/details/186;Apr. 29, 1999
UFC 19: Ultimate Young Guns;/events/details/100;Mar. 5, 1999
UFC 18: The Road to the Heavyweight Title;/events/details/101;Jan. 8, 1999
Vale Tudo Japan 1998;/events/details/532;Oct. 25, 1998
UFC - Ultimate Brazil;/events/details/102;Oct. 16, 1998
PRIDE 4;/events/details/187;Oct. 11, 1998
PRIDE 3;/events/details/188;Jun. 24, 1998
UFC 17: Redemption;/events/details/103;May. 15, 1998
UFC 16: Battle in the Bayou;/events/details/104;Mar. 13, 1998
PRIDE 2;/events/details/189;Mar. 5, 1998
UFC - Ultimate Japan;/events/details/105;Dec. 21, 1997
UFC 15: Collision Course;/events/details/106;Oct. 17, 1997
PRIDE 1;/events/details/190;Oct. 11, 1997
UFC 14: Showdown;/events/details/107;Jul. 27, 1997
Brazil Open '97;/events/details/396;Jun. 15, 1997
UFC 13: The Ultimate Force;/events/details/108;May. 30, 1997
UFC 12: Judgement Day;/events/details/109;Feb. 7, 1997
UFC - Ultimate Ultimate '96;/events/details/110;Dec. 7, 1996
UFC 11: The Proving Ground;/events/details/111;Sep. 20, 1996
UFC 10: The Tournament;/events/details/112;Jul. 12, 1996
UFC 9: Motor City Madness;/events/details/113;May. 17, 1996
UFC 8: David vs. Goliath;/events/details/114;Feb. 16, 1996
UFC - Ultimate Ultimate '95;/events/details/115;Dec. 16, 1995
UFC 7: The Brawl in Buffalo;/events/details/116;Sep. 8, 1995
UFC 6: Clash of the Titans;/events/details/117;Jul. 14, 1995
UFC 5: The Return of the Beast;/events/details/118;Apr. 7, 1995
UFC 4: Revenge of the Warriors;/events/details/119;Dec. 16, 1994
UFC 3: The American Dream;/events/details/120;Sep. 9, 1994
UFC 2: No Way Out;/events/details/121;Mar. 11, 1994
UFC 1: The Beginning;/events/details/122;Nov. 12, 1993
